residue_number,residue,avg_pf,sd_pf
3,S,7.292388341,4.166372839
4,Q,7.458838331,4.127144118
5,P,nan,nan
6,N,6.731096666,4.230029543
7,S,6.540721325,4.2740875
8,S,7.145900608,4.229463815
9,A,7.217970224,4.113353936
10,K,7.040951982,4.180379389
11,K,7.383245964,4.243158157
12,K,7.828580415,3.965933035
13,E,7.605472845,4.202440924
14,E,8.102180751,3.891962508
15,K,7.072656741,4.019391948
16,G,6.208555253,4.200999455
17,K,7.264353114,4.081562512
18,N,6.361061019,4.37712262
19,I,7.610316628,4.12056875
20,Q,7.615600755,3.936588715
21,V,7.915474942,3.891004359
22,V,7.655672049,3.870969062
23,V,7.628077165,4.023418508
24,R,7.146194171,4.098018236
25,C,nan,nan
26,R,nan,nan
27,P,nan,nan
28,F,nan,nan
29,N,nan,nan
30,L,nan,nan
31,A,nan,nan
32,E,nan,nan
33,R,nan,nan
34,K,nan,nan
35,A,nan,nan
36,S,nan,nan
37,A,nan,nan
38,H,nan,nan
39,S,nan,nan
40,I,nan,nan
41,V,nan,nan
42,E,nan,nan
43,C,nan,nan
44,D,nan,nan
45,P,nan,nan
46,V,nan,nan
47,R,nan,nan
48,K,nan,nan
49,E,nan,nan
50,V,nan,nan
51,S,nan,nan
52,V,5.556112393,3.932323818
53,R,4.392136716,3.749467944
54,T,5.569763053,3.873000667
55,G,5.332858042,4.107186727
56,G,4.265317677,3.600755926
57,L,6.592388341,3.941005608
58,A,nan,nan
59,D,nan,nan
60,K,6.624239883,4.336449381
61,S,5.421807507,4.496033806
62,S,5.297043405,4.389220742
63,R,5.562864332,4.319470685
64,K,6.304697001,4.23512245
65,T,6.442524638,4.348603859
66,Y,6.631285385,4.254295457
67,T,6.6397987,4.39565225
68,F,6.435185573,4.146034058
69,D,6.908114909,4.336442336
70,M,6.414195848,4.181344065
71,V,7.199769344,3.970196263
72,F,6.587544559,4.251346351
73,G,6.395848186,4.164888489
74,A,6.371188928,4.356102991
75,S,5.445879639,4.37898531
76,T,5.717571818,4.3985229
77,K,6.074103586,4.300045472
78,Q,5.928790103,4.480530483
79,I,6.580352275,4.220972601
80,D,6.030215978,4.201074881
81,V,nan,nan
82,Y,nan,nan
83,R,6.747682952,3.671600429
84,S,7.686349339,3.537921809
85,V,6.676347243,3.722330123
86,V,6.749003984,3.717911639
87,C,7.366512896,3.848171174
88,P,nan,nan
89,I,6.605745439,3.785618028
90,L,7.313231285,3.816773948
91,D,7.291947997,3.586342155
92,E,7.350073391,3.690515076
93,V,6.853218704,3.693882414
94,I,6.59106731,3.713899622
95,M,6.325099602,3.807577364
96,G,6.446928077,3.812335415
97,Y,7.657139862,3.664788091
98,N,nan,nan
99,C,nan,nan
100,T,7.232061229,4.07143042
101,I,7.795554624,3.905143065
102,F,7.375319774,4.026440692
103,A,5.731956385,4.240417641
104,Y,6.587104215,3.996028548
105,G,5.148353953,3.992609345
106,Q,6.232627385,4.314782524
107,T,6.563178863,4.181637198
108,G,5.293373873,4.100576212
109,T,5.924093101,4.275015561
110,G,4.607171315,3.897388799
111,K,6.676347243,4.331095859
112,T,6.248920109,4.283925445
113,F,5.286328371,4.097188097
114,T,7.121534913,4.33084564
115,M,6.718913818,4.31946853
116,E,5.716544349,4.176120263
117,G,5.977668274,4.25969951
118,E,5.320821975,4.136490937
119,R,6.899308031,4.25697994
120,S,5.990878591,4.30830002
121,P,nan,nan
122,N,5.093751311,4.101547576
123,E,5.424156008,4.238689268
124,E,6.536317886,4.227096686
125,Y,4.011239254,3.444358817
126,T,nan,nan
127,W,2.054938142,1.721092157
128,E,3.790773747,3.324064215
129,E,3.240784231,3.153866239
130,D,4.332983854,3.740674486
131,P,nan,nan
132,L,4.183707276,3.663192341
133,A,4.680855525,3.673301977
134,G,4.386265464,3.668321107
135,I,5.017278255,3.841957832
136,I,6.150136297,3.73356385
137,P,nan,nan
138,R,5.56374502,4.001347924
139,T,4.393751311,3.580549982
140,L,5.214258754,3.861521439
141,H,4.801803313,3.658191116
142,Q,4.530257916,3.589820716
143,I,4.813692598,3.756216115
144,F,6.166282239,3.806877142
145,E,3.971901866,3.248795941
146,K,4.156552736,3.479629225
147,L,nan,nan
148,T,nan,nan
149,D,nan,nan
150,N,nan,nan
151,G,nan,nan
152,T,nan,nan
153,E,nan,nan
154,F,nan,nan
155,S,nan,nan
156,V,nan,nan
157,K,nan,nan
158,V,nan,nan
159,S,nan,nan
160,L,nan,nan
161,L,nan,nan
162,E,nan,nan
163,I,nan,nan
164,Y,nan,nan
165,N,nan,nan
166,E,nan,nan
167,E,nan,nan
168,L,nan,nan
169,F,nan,nan
170,D,4.992178654,3.77759937
171,L,5.317592787,3.480484624
172,L,4.244474733,3.517768912
173,N,2.379618369,2.437395131
174,P,nan,nan
175,S,5.215726567,4.334922415
176,S,3.504256658,3.745186488
177,D,4.22950304,3.976562164
178,V,6.673558398,4.187671668
179,S,3.872090585,3.862879591
180,E,5.122667226,4.306705497
181,R,5.251247641,4.077566709
182,L,5.96137555,4.1807603
183,Q,5.062340113,4.210965666
184,M,1.925917383,2.016371685
185,F,5.446760327,4.210861693
186,D,4.426923883,4.042272677
187,D,4.962969176,4.021416257
188,P,nan,nan
189,R,5.459236737,4.013807391
190,N,4.876368211,4.202978172
191,K,4.578989306,3.957417836
192,R,4.257831831,3.709978529
193,G,4.737366324,4.091606686
194,V,5.688949465,3.989035924
195,I,5.78347662,3.882873611
196,I,5.500041938,3.867090948
197,K,5.029314322,3.898878994
198,G,4.375110086,3.936621627
199,L,5.792430279,3.985588102
200,E,6.308072971,3.796267012
201,E,6.050912141,3.788169221
202,I,6.283120151,3.859233733
203,T,5.76762424,3.69547501
204,V,6.432396729,3.940393277
205,H,5.577689243,3.829769124
206,N,5.211616691,3.714081482
207,K,5.003187251,3.625241886
208,D,nan,nan
209,E,nan,nan
210,V,nan,nan
211,Y,nan,nan
212,Q,nan,nan
213,I,nan,nan
214,L,nan,nan
215,E,nan,nan
216,K,nan,nan
217,G,9.212728035,3.435929973
218,A,9.691528622,3.267469448
219,A,5.263430489,4.406325751
220,K,4.345460264,4.18165562
221,R,3.412371566,3.975378877
222,T,3.236821137,3.942933624
223,T,3.874585867,4.274052396
224,A,4.781253932,4.228571206
225,A,4.1207381,4.269041785
226,T,5.033864542,4.30557825
227,L,5.93759698,4.211870131
228,M,5.252862235,4.285446108
229,N,3.480624869,4.009418004
230,A,2.94384567,3.589702482
231,Y,4.357643112,3.934578952
232,S,8.779282869,3.642130337
233,S,8.417466974,3.804398272
234,R,8.785594464,3.612312309
235,S,9.010169847,3.706889471
236,H,8.487775215,3.891827061
237,S,8.190543091,3.984604712
238,V,8.718808975,3.602267795
239,F,9.269679178,3.328350508
240,S,nan,nan
241,V,nan,nan
242,T,nan,nan
243,I,nan,nan
244,H,nan,nan
245,M,nan,nan
246,K,nan,nan
247,E,4.185468652,3.990057982
248,T,4.972069616,4.018834044
249,T,4.415768505,4.025328245
250,I,5.333885511,4.234861694
251,D,4.354267142,3.895862826
252,G,4.098427343,3.917316747
253,E,4.09240931,3.838848597
254,E,5.215579786,4.094729088
255,L,5.01096666,4.09331792
256,V,nan,nan
257,K,nan,nan
258,I,nan,nan
259,G,nan,nan
260,K,nan,nan
261,L,nan,nan
262,N,nan,nan
263,L,nan,nan
264,V,nan,nan
265,D,nan,nan
266,L,nan,nan
267,A,nan,nan
268,G,5.736213043,4.177068478
269,S,6.098909625,4.137471363
270,E,6.152484798,3.987453627
271,N,6.888152653,4.022850097
272,I,6.756930174,4.02996008
273,G,6.298678968,4.210076344
274,R,5.630383728,4.207012151
275,S,5.512958692,4.056450769
276,G,5.599559656,3.87107127
277,A,6.378527993,4.036090706
278,V,6.920444538,4.062886374
279,D,5.874040679,4.213308198
280,K,6.307632627,4.081666477
281,R,nan,nan
282,A,nan,nan
283,R,nan,nan
284,E,nan,nan
285,A,nan,nan
286,G,nan,nan
287,N,nan,nan
288,I,nan,nan
289,N,nan,nan
290,Q,nan,nan
291,S,nan,nan
292,L,nan,nan
293,L,nan,nan
294,T,nan,nan
295,L,4.27133571,3.463578679
296,G,4.110169847,3.435071071
297,R,3.730740197,2.923030348
298,V,3.89528203,3.311727323
299,I,4.289830153,3.610625012
300,T,4.036045293,3.369106518
301,A,4.191633466,3.339019462
302,L,3.890438247,3.358968122
303,V,4.040008388,3.531926511
304,E,3.977332774,3.220573268
305,R,3.847871671,3.216385667
306,T,3.98936884,3.3560082
307,P,nan,nan
308,H,3.648983015,2.972189679
309,V,3.918473475,3.292049647
310,P,nan,nan
311,Y,4.353973579,3.623700564
312,R,3.753491298,3.161788825
313,E,4.359551269,3.505562109
314,S,3.936234011,3.101141958
315,K,3.51247641,2.824814105
316,L,nan,nan
317,T,nan,nan
318,R,nan,nan
319,I,nan,nan
320,L,nan,nan
321,Q,nan,nan
322,D,nan,nan
323,S,nan,nan
324,L,nan,nan
325,G,nan,nan
326,G,nan,nan
327,R,nan,nan
328,T,nan,nan
329,R,nan,nan
330,T,nan,nan
331,S,nan,nan
332,I,nan,nan
333,I,nan,nan
334,A,nan,nan
335,T,nan,nan
336,I,nan,nan
337,S,3.513650661,3.291268314
338,P,nan,nan
339,A,3.907171315,3.58423713
340,S,3.613902286,3.456992192
341,L,4.26795974,3.736016717
342,N,3.640322919,3.450571027
343,L,4.649737891,3.859165714
344,E,4.567246802,3.973904508
345,E,6.728014259,4.234636802
346,T,6.449716922,4.250597422
347,L,6.685594464,4.238874515
348,S,nan,nan
349,T,4.442923045,3.638462119
350,L,6.993835186,3.967915985
351,E,7.82124135,3.92646588
352,Y,8.058733487,3.747732686
353,A,6.829440134,4.463780022
354,H,6.260956175,4.662854714
355,R,5.736946949,4.681487565
356,A,6.303229189,4.552618919
357,K,6.573747117,4.471442643
358,N,4.885762214,4.627070498
359,I,7.348165234,4.253052208
360,L,5.994841686,4.054930667
361,N,3.96896624,3.885445573
362,K,4.702579157,4.129328771
363,P,nan,nan
364,E,5.836317886,4.133664632
365,V,6.795386874,4.031666369
366,N,3.958397987,3.783318399
367,Q,4.087271965,3.71097291
368,K,4.590585028,4.068589421
369,L,8.256594674,3.958208777
370,T,7.210924722,4.265107266
371,K,2.984357308,3.334238298
372,K,3.258985112,3.51546925
373,A,3.384629901,3.621607521
374,L,4.804445376,3.793767356
375,I,5.458209268,3.840985571
376,K,4.37555043,3.597361744
377,E,5.369700147,4.14419237
378,Y,5.500922625,3.999252467
379,T,5.221304257,4.128616782
380,E,5.481987838,4.170398203
381,E,5.614384567,4.200456888
382,I,5.618200881,3.795477617
383,E,4.505745439,3.675609075
384,R,4.556972112,3.733046668
385,L,4.694799748,3.73436378
