Peptide ID,Protein 1,Start 1,Stop 1,Protein 2,Start 2,Stop 2,Selected Sites
6586,SUZ12,722,736,RBBP4,214,221,[K733-K216;]
186,EZH2,609,654,EED,267,270,[K611-K270;K612-K270;]
2577,SUZ12,255,284,EED,204,218,[T271-K213;]
633,SUZ12,213,254,RBBP4,1,5,[K247-G1;]
4261,EZH2,657,679,EED,267,270,[K660-K270;]
6210,AEBP2,95,111,EZH2,19,25,[K97-K20;]
7348,AEBP2,112,123,SUZ12,1,6,[K120-G1;]
5771,EED,278,295,SUZ12,720,733,[K286-K721;]
6639,AEBP2,274,288,SUZ12,370,381,[K276-K376;]
6575,SUZ12,722,736,EZH2,562,569,[K733-K563;]
6190,AEBP2,95,111,SUZ12,475,487,[K97-K484;]
5272,SUZ12,362,381,RBBP4,306,310,[K369-K308;]
6228,AEBP2,95,111,RBBP4,158,173,[K97-K161;]
6802,EED,204,218,AEBP2,169,174,[K213-K173;]
8102,EZH2,655,660,AEBP2,169,174,[K656-K173;]
8132,EZH2,47,52,EED,68,72,[K48-K68;]
5635,AEBP2,142,160,RBBP4,24,27,[K154-K26;]
7741,SUZ12,415,424,AEBP2,266,273,[K415-K267;K417-K267;]
2166,SUZ12,382,414,AEBP2,266,273,[K404-K267;]
6851,SUZ12,720,733,EED,267,271,[K721-K270;]
6612,EZH2,564,578,AEBP2,161,173,[K569-K168;]
4435,SUZ12,77,99,RBBP4,1,5,[K93-G1;]
4298,SUZ12,382,404,AEBP2,232,240,[K391-K238;]
6186,AEBP2,95,111,EED,204,218,[K97-K213;]
7882,SUZ12,416,424,AEBP2,266,273,[K417-K267;]
6244,AEBP2,95,111,EZH2,728,741,[K97-K735;]
5235,EED,338,357,EZH2,47,52,[K344-K48;]
6264,AEBP2,95,111,EZH2,564,578,[K97-K569;]
7415,SUZ12,370,381,AEBP2,232,238,[K376-K233;]
7108,SUZ12,475,487,EZH2,53,63,[K484-K61;]
4563,SUZ12,382,404,AEBP2,262,267,[K396-K265;]
6690,EED,388,402,EZH2,152,161,[K400-K156;]
1701,SUZ12,213,247,AEBP2,233,238,[K224-K233;]
7407,AEBP2,112,123,EZH2,655,660,[K120-K656;]
5973,EED,278,295,SUZ12,722,736,[K286-K733;]
6983,SUZ12,720,733,EZH2,598,608,[K721-K602;]
6789,SUZ12,722,736,EZH2,598,608,[K733-K602;]
1065,RBBP4,260,297,SUZ12,370,381,[K265-K376;]
7950,SUZ12,467,474,EZH2,708,714,[K469-K713;]
7119,SUZ12,475,487,AEBP2,155,162,[K484-K160;]
6739,EED,204,218,AEBP2,176,178,[K213-K176;]
7602,EZH2,53,63,EED,69,74,[K61-K72;]
4653,SUZ12,382,404,AEBP2,233,238,[K396-K233;]
7231,SUZ12,295,307,AEBP2,266,273,[K305-K267;]
5728,EZH2,510,527,AEBP2,95,111,[K510-K97;]
5302,EZH2,471,490,SUZ12,722,736,[K472-K733;]
7183,SUZ12,475,487,AEBP2,1,12,[K484-G1;]
4397,EZH2,310,332,SUZ12,720,733,[K318-K721;]
7947,SUZ12,198,205,AEBP2,289,294,[K198-K293;]
6883,SUZ12,720,733,EZH2,562,569,[K721-K563;]
8007,SUZ12,460,466,EZH2,1,6,[K460-G1;]
5621,AEBP2,142,160,EZH2,546,556,[K154-S550;K154-S551;]
7477,SUZ12,333,343,EZH2,457,464,[K342-K461;]
5975,EED,370,387,EZH2,53,63,[K377-K61;]
5941,EED,278,295,SUZ12,734,737,[K286-K736;]
4485,SUZ12,382,404,RBBP4,306,310,[K391-K308;]
5692,AEBP2,142,160,RBBP4,158,173,[K154-K161;]
6454,RBBP4,1,16,SUZ12,518,523,[G1-K522;]
4653,SUZ12,382,404,AEBP2,233,238,[K391-K233;]
5658,AEBP2,142,160,EZH2,47,52,[K154-K48;]
1080,RBBP4,176,213,SUZ12,198,205,[K179-K198;]
6873,EED,403,416,SUZ12,1,6,[K410-G1;]
6218,AEBP2,95,111,EZH2,562,569,[K97-K563;]
6277,AEBP2,95,111,SUZ12,333,343,[K97-K342;]
6339,RBBP4,1,16,SUZ12,198,205,[G1-K198;]
4068,EZH2,579,602,RBBP4,158,173,[K597-K161;]
7342,SUZ12,370,381,RBBP4,306,310,[K376-K308;]
7564,SUZ12,333,343,AEBP2,262,267,[K342-K265;]
7662,EZH2,152,161,EED,68,72,[K156-K68;]
4669,EED,316,337,EZH2,343,348,[K324-K344;]
8068,EZH2,47,52,EED,69,74,[K48-K72;]
1385,EED,86,122,EZH2,53,63,[K108-K61;]
7028,SUZ12,475,487,AEBP2,161,168,[K484-K162;]
5654,AEBP2,142,160,EZH2,53,63,[K154-K61;]
6300,AEBP2,95,111,EZH2,655,660,[K97-K656;]
7314,SUZ12,370,381,AEBP2,266,273,[K376-K267;]
6733,EED,388,402,EZH2,35,46,[K400-K39;]
5925,EZH2,510,527,SUZ12,1,6,[K510-G1;]
4188,SUZ12,145,168,RBBP4,306,310,[K146-K308;]
4471,SUZ12,382,404,AEBP2,266,273,[K391-K267;]
2152,SUZ12,382,414,AEBP2,232,240,[K404-K238;]
7833,EZH2,8,16,EZH2,19,25,[K10-K20;]
5578,AEBP2,142,160,AEBP2,112,123,[K154-K120;]
5695,AEBP2,142,160,AEBP2,169,174,[K154-K173;]
5595,AEBP2,142,160,AEBP2,95,111,[K154-K97;]
7805,EZH2,152,161,EZH2,19,25,[K156-K20;]
7653,EZH2,152,161,EZH2,47,52,[K156-K48;]
2857,RBBP4,145,173,RBBP4,116,130,[K157-K121;K161-K121;]
2739,RBBP4,145,173,RBBP4,214,221,[K157-K216;]
6408,RBBP4,158,173,RBBP4,116,130,[K161-K121;]
6376,RBBP4,158,173,RBBP4,214,221,[K161-K216;]
3196,SUZ12,169,195,SUZ12,198,205,[K191-K198;]
7604,EZH2,200,210,EZH2,217,222,[K201-K217;]
8040,EZH2,19,25,EZH2,47,52,[K20-K48;]
6778,EZH2,202,216,EZH2,197,201,[K210-K199;]
1261,RBBP4,180,216,RBBP4,145,173,[K213-K157;]
1756,SUZ12,213,247,SUZ12,370,381,[K224-K376;]
5064,EZH2,223,243,EZH2,19,25,[K234-K20;]
3202,EZH2,244,270,EZH2,202,216,[K245-K210;]
1041,RBBP4,260,297,RBBP4,306,310,[K265-K308;]
2483,EZH2,244,274,EZH2,289,307,[K270-K291;]
2849,EZH2,246,274,EZH2,309,332,[K270-K309;]
2468,EZH2,244,274,EZH2,345,353,[K270-K348;]
2737,EZH2,246,274,EZH2,471,490,[K270-K472;]
2856,EZH2,246,274,EZH2,310,332,[K270-K318;]
7036,SUZ12,295,307,SUZ12,198,205,[K305-K198;]
6140,EZH2,292,308,EZH2,343,348,[K307-K344;]
6161,EZH2,292,308,EZH2,345,353,[K307-K348;]
4002,EZH2,309,332,EZH2,343,348,[K309-K344;]
4222,EZH2,309,332,EZH2,345,353,[K309-K348;]
4437,EZH2,310,332,EZH2,343,348,[K318-K344;]
2055,EZH2,310,342,EZH2,343,348,[K332-K344;]
7457,SUZ12,333,343,SUZ12,198,205,[K342-K198;]
8104,EZH2,343,348,EZH2,47,52,[K344-K48;]
8066,EZH2,343,348,EZH2,414,419,[K344-T416;]
7312,SUZ12,370,381,SUZ12,126,130,[K376-K129;]
6030,EED,370,387,EED,68,72,[K377-K68;]
5879,EED,370,387,EED,69,74,[K377-K72;]
4319,SUZ12,382,404,SUZ12,362,381,[K391-K369;]
2505,EZH2,383,413,EZH2,343,348,[K395-K344;]
1381,EZH2,377,413,EZH2,345,353,[K395-K348;K400-K348;]
4416,SUZ12,382,404,SUZ12,1,6,[K396-G1;]
1335,EZH2,377,413,EZH2,345,353,[K400-K348;]
6611,EED,388,402,EED,68,72,[K400-K68;]
6701,EED,388,402,EED,69,74,[K400-K72;]
7736,EED,401,410,EED,68,72,[K402-K68;]
7787,EED,401,410,EED,80,85,[K402-K81;]
4842,EZH2,420,441,EZH2,471,490,[K421-K472;]
7918,EZH2,457,464,EZH2,19,25,[K461-K20;]
7956,EZH2,457,464,EZH2,343,348,[K461-K344;]
7952,EZH2,457,464,EZH2,505,509,[K461-K505;]
7981,SUZ12,467,474,SUZ12,460,466,[K469-K460;]
5359,EZH2,471,490,EZH2,343,348,[K472-K344;]
5363,EZH2,471,490,EZH2,345,353,[K472-K348;]
7177,SUZ12,475,487,SUZ12,1,6,[K484-G1;]
8090,EZH2,47,52,EZH2,28,31,[K48-K30;]
8110,EZH2,47,52,EZH2,505,509,[K48-K505;]
8100,EZH2,47,52,EZH2,655,660,[K48-K656;]
6001,EZH2,510,527,EZH2,564,578,[K510-K569;]
5853,EZH2,510,527,EZH2,53,63,[K510-K61;]
5798,EZH2,510,527,EZH2,708,714,[K510-K713;]
6113,EZH2,510,527,EZH2,728,741,[K510-K735;]
6073,EZH2,510,527,EZH2,546,556,[K510-S550;K510-S551;]
5783,EZH2,510,527,EZH2,546,556,[K510-S550;]
5223,SUZ12,537,556,SUZ12,460,466,[K538-K460;]
2813,EZH2,528,556,EZH2,564,578,[K545-K569;]
7948,EZH2,562,569,EZH2,598,602,[K563-S600;]
6595,EZH2,564,578,EZH2,345,353,[K569-K348;]
6565,EZH2,564,578,EZH2,598,608,[K569-K602;]
6582,EZH2,564,578,EZH2,708,714,[K569-K713;]
6799,EZH2,564,578,EZH2,728,741,[K569-K735;]
6783,EZH2,564,578,EZH2,546,556,[K569-S550;K569-S551;]
4158,EZH2,579,602,EZH2,562,569,[K597-K563;]
7528,EZH2,598,608,EZH2,19,25,[K602-K20;]
7565,EZH2,598,608,EZH2,562,569,[K602-K563;]
5907,EZH2,612,629,EZH2,598,608,[K612-K602;]
7455,EZH2,53,63,EZH2,152,161,[K61-K156;]
765,EZH2,613,654,EZH2,564,578,[K629-K569;K634-K569;]
4801,EZH2,613,634,EZH2,655,660,[K629-K656;]
867,EZH2,613,653,EZH2,708,714,[K629-K713;K634-K713;]
717,EZH2,613,654,EZH2,728,741,[K629-K735;K634-K735;]
4019,EZH2,630,653,EZH2,564,578,[K634-K569;]
3927,EZH2,630,653,EZH2,598,608,[K634-K602;]
3913,EZH2,630,654,EZH2,686,707,[K634-K698;]
3858,EZH2,630,654,EZH2,708,714,[K634-K713;]
3895,EZH2,630,654,EZH2,728,741,[K634-K735;]
8112,EZH2,655,660,EZH2,505,509,[K656-K505;]
4572,EZH2,657,679,EZH2,680,683,[K660-K680;]
8042,EZH2,1,7,EZH2,19,25,[K6-K20;]
8016,EZH2,708,714,EZH2,343,348,[K713-K344;]
8109,EED,69,74,EED,80,85,[K72-K81;]
6730,SUZ12,722,736,SUZ12,678,683,[K733-K681;]
6896,EZH2,728,741,EZH2,19,25,[K735-K20;]
6931,EZH2,728,741,EZH2,457,464,[K735-K461;]
6982,EZH2,728,741,EZH2,505,509,[K735-K505;]
6827,EZH2,728,741,EZH2,655,660,[K735-K656;]
8130,EED,80,85,EED,68,72,[K81-K68;]
7735,EZH2,7,16,EZH2,19,25,[K7-K20;]
7694,EED,82,91,EED,68,72,[K85-K68;]
7698,EED,82,91,EED,69,74,[K85-K72;]
7405,AEBP2,86,97,AEBP2,169,174,[K94-K173;]
6298,AEBP2,95,111,AEBP2,112,123,[K97-K120;]
6334,AEBP2,95,111,AEBP2,155,162,[K97-K160;]
6225,AEBP2,95,111,AEBP2,161,168,[K97-K162;]
1576,SUZ12,7,41,SUZ12,1,6,[S15-G1;]
1576,SUZ12,7,41,SUZ12,1,6,[S18-G1;]
1576,SUZ12,7,41,SUZ12,1,6,[S21-G1;]
1576,SUZ12,7,41,SUZ12,1,6,[S29-G1;]
7200,EZH2,401,413,EZH2,343,348,[S412-K344;]
8075,EED,1,6,EED,69,74,[S4-K72;]
6278,EZH2,511,527,EZH2,728,741,[S513-K735;S514-K735;]
7512,EZH2,546,556,EZH2,655,660,[S550-K656;S551-K656;]
4771,EZH2,686,707,EZH2,564,578,[K698-K569;]
