,State/Concentration Pair,Run,Classification,Peptide ID,Decision,Score,E,E-Alpha,E-Beta,Best Site Score,Monoisotopic PPM,Highest Peak PPM,Selected Precursor PPM,Type,Intra/Inter,Modification Name,Peptide RT,Best MS2 RT,Best MS2 Scan Number,Total XIC Area,Total Isotopic Intensity,z,m/z,Protein 1,Peptide 1,Start 1,Stop 1,Protein 2,Peptide 2,Start 2,Stop 2,Selected Sites,Notes,hx_class
3,Protein state 1 - 20(1),Data\BSAXlink2.mzML,3,6409,Accepted,40.762527516612,1.9817972941278297e-18,4.7872701562479896e-14,7.65704279740408e-10,42.6707,3.56,2.93,2.0,Cross-linked,Intra,Bound,10.9779,10.9804,725,18417.28,322660.27,5,629.5237400000001,BSA,LCVLHEKTPVSEK,459,471,BSA,VTKCCTESLVNR,472.0,483.0,[K465-K474;T466-K474],,4
5,Protein state 1 - 20(1),Data\BSAXlink2.mzML,4,6405,Accepted,20.347756437452603,1.4557327753167098e-09,2.83820719021214e-09,2.06885391618172e-06,15.1211,3.67,2.77,1.8,Cross-linked plus a dead end,Inter,Bound(+Hydrolysed),13.1578,13.202,1138,34655.56,966619.65,4,825.67252,BSA,LCVLHEKTPVSEK,459,471,DECOY_BSA,RNVLSETCCKTV,472.0,483.0,[K465-T478;K465-K481;K465-T482;T466-S476;T466-T478;T466-K481;T466-T482;S469-S476;S469-T478;S469-K481;S469-T482],,4
6,Protein state 1 - 20(1),Data\BSAXlink2.mzML,3,6393,Accepted,56.694697431691104,2.38674352061277e-25,2.66890369045731e-20,1.03791570830477e-10,63.1207,4.09,4.08,6.98,Cross-linked,Intra,Bound,15.0097,15.0521,1538,46274.19,971562.28,4,609.34175,BSA,LGEYGFQNALIVR,397,409,BSA,SLGKVGTR,428.0,435.0,[Y400-K431],,4
7,Protein state 1 - 20(1),Data\BSAXlink2.mzML,4,6392,Accepted,17.7353387841415,1.98445032177981e-08,7.86551670461932e-08,5.3693133345489997e-11,16.3042,3.06,0.28,0.43,Cross-linked plus a dead end,Intra,Bound(+Amidated),15.8663,15.8415,1701,354817.44,16992588.41,4,794.61494,BSA,TCVADESHAGCEK,52,64,BSA,SLHTLFGDELCK,65.0,76.0,[S58-S65;S58-T68],,4
9,Protein state 1 - 20(1),Data\BSAXlink2.mzML,4,6384,Accepted,30.2101863593077,7.58372832821069e-14,2.7729501026722997e-09,2.7035087168004903e-12,35.356,3.81,6.51,9.74,Cross-linked plus a dead end,Intra,Bound(+Amidated),20.9313,20.8708,2600,80473.93,1850875.5,3,1131.90597,BSA,DDPHACYSTVFDK,363,375,BSA,LKHLVDEPQNLIK,376.0,388.0,[S370-K377;T371-K377],,4
10,Protein state 1 - 20(1),Data\BSAXlink2.mzML,4,6362,Accepted,27.609065877755103,1.0221980279955099e-12,6.582837141175451e-11,4.04735978065673e-09,29.7202,1.68,1.7,5.07,Cross-linked plus a dead end,Intra,Bound(+Amidated),21.4719,21.6262,2683,275117.69,3957705.66,4,849.1813,BSA,LKHLVDEPQNLIK,376,388,BSA,DDPHACYSTVFDK,363.0,375.0,[K377-Y369;K377-S370;K377-T371],,4
11,Protein state 1 - 20(1),Data\BSAXlink2.mzML,4,6360,Accepted,21.7050685454772,3.74635131800634e-10,2.7729501026722997e-09,1.94071511394611e-06,15.8965,4.48,6.74,9.74,Cross-linked plus a dead end,Inter,Bound(+Amidated),20.9313,20.8708,2600,80473.93,1850875.5,3,1131.90597,BSA,DDPHACYSTVFDK,363,375,DECOY_BSA,KILNQPEDVLHKL,376.0,388.0,[Y369-K387;S370-K387;T371-K376;T371-K387],,4
12,Protein state 1 - 20(1),Data\BSAXlink2.mzML,3,6355,Accepted,27.9930831204856,6.96239196500413e-13,5.73701210276954e-11,5.872996888811599e-08,25.5904,3.59,3.27,7.22,Cross-linked,Intra,Bound,11.5102,11.4828,807,855912.17,23787607.05,4,718.87281,BSA,LCVLHEKTPVSEK,459,471,BSA,CASIQKFGER,199.0,208.0,[K465-S201;K465-K204;T466-S201;T466-K204],,4
15,Protein state 1 - 20(1),Data\BSAXlink2.mzML,3,6333,Accepted,33.4717200411635,2.9068102726111398e-15,0.000250517468866063,3.57385560111597e-16,32.7368,3.44,3.23,5.42,Cross-linked,Intra,Bound,12.2872,12.292,949,492738.75,19606817.29,3,1049.83131,BSA,CASIQKFGERALK,199,211,BSA,EYEATLEECCAK,351.0,362.0,[S201-Y352;S201-T355;K204-Y352;K204-T355],,4
19,Protein state 1 - 20(1),Data\BSAXlink2.mzML,4,6308,Accepted,25.0549390205079,1.31455341873575e-11,2.83820719021214e-09,1.45127901777779e-09,24.3998,3.67,2.77,1.8,Cross-linked plus a dead end,Intra,Bound(+Hydrolysed),13.1578,13.202,1138,34655.56,966619.65,4,825.67252,BSA,LCVLHEKTPVSEK,459,471,BSA,VTKCCTESLVNR,472.0,483.0,[K465-K474;T466-T473;T466-K474;T466-T477;S469-T473;S469-K474;S469-T477],,4
24,Protein state 1 - 20(1),Data\BSAXlink2.mzML,3,6262,Accepted,32.5102357466883,7.60298283226373e-15,9.63353991902972e-20,0.0133256902669667,22.7256,3.29,3.9,4.58,Cross-linked,Inter,Bound,16.695,16.6901,1869,67487.89,1566296.95,4,713.86873,BSA,MPCTEDYLSLILNR,445,458,DECOY_BSA,RASSTLVKE,186.0,194.0,[T448-K193;Y451-K193;S453-K193],,4
26,Protein state 1 - 20(1),Data\BSAXlink2.mzML,4,6247,Accepted,21.4867299718748,4.66049170220429e-10,1.02519857609895e-05,2.1583641865626e-09,23.0683,4.64,4.61,5.3,Cross-linked plus a dead end,Intra,Bound(+Hydrolysed),15.0502,14.9857,1523,187119.12,4643926.02,4,668.86446,BSA,GACLLPKIETMREK,174,187,BSA,VLTSSAR,188.0,194.0,[K180-T190;K180-S191;K180-S192;T183-T190;T183-S191;T183-S192],,4
27,Protein state 1 - 20(1),Data\BSAXlink2.mzML,3,6241,Accepted,40.1421121630301,3.68554905144022e-18,9.63353991902972e-20,4.71795438272693e-08,32.5532,3.29,3.9,4.58,Cross-linked,Intra,Bound,16.695,16.6901,1869,67487.89,1566296.95,4,713.86873,BSA,MPCTEDYLSLILNR,445,458,BSA,EKVLTSSAR,186.0,194.0,[T448-K187;Y451-K187],,4
29,Protein state 1 - 20(1),Data\BSAXlink2.mzML,3,6210,Accepted,36.0425363136643,2.22292784094247e-16,4.956987036853411e-14,8.033365972437421e-09,39.7476,4.81,3.72,5.54,Cross-linked,Intra,Bound,16.4682,16.5559,1848,32427.45,829041.51,4,674.6002599999999,BSA,MPCTEDYLSLILNR,445,458,BSA,SLGKVGTR,428.0,435.0,[T448-K431;Y451-K431],,4
30,Protein state 1 - 20(1),Data\BSAXlink2.mzML,3,6204,Accepted,62.1883383274973,9.8163000691774e-28,1.7214435453711698e-27,4.67954971439255e-08,59.8152,1.11,1.4,3.78,Cross-linked,Intra,Bound,16.9634,16.9553,1925,90280.52,1824278.64,3,893.7996199999999,BSA,MPCTEDYLSLILNR,445,458,BSA,SLGKVGTR,428.0,435.0,[Y451-K431],,4
31,Protein state 1 - 20(1),Data\BSAXlink2.mzML,4,6176,Accepted,16.0583129943981,1.0616057884156801e-07,0.0420100584700502,1.11557333214544e-11,13.5412,2.51,6.02,5.17,Cross-linked plus a dead end,Intra,Bound(+Hydrolysed),11.6199,11.6808,849,1760088.82,37790152.85,4,854.91216,BSA,IETMREKVLTSSAR,181,194,BSA,EYEATLEECCAK,351.0,362.0,[T183-Y352;T183-T355;K187-Y352;K187-T355;T190-Y352;T190-T355;S191-Y352;S191-T355;S192-Y352;S192-T355],,4
33,Protein state 1 - 20(1),Data\BSAXlink2.mzML,3,6161,Accepted,25.7892106346803,6.30794835123769e-12,2.5914994849512797e-06,2.52692591883946e-06,28.2947,3.22,3.55,5.08,Cross-linked,Intra,Bound,14.1564,14.1472,1341,92525.58,2563522.75,4,629.8448,BSA,GACLLPKIETMREK,174,187,BSA,VLTSSAR,188.0,194.0,[K180-T190;K180-S191;K180-S192;T183-T190;T183-S191;T183-S192],,4
34,Protein state 1 - 20(1),Data\BSAXlink2.mzML,3,6159,Accepted,42.3959312443655,3.8697330391146397e-19,4.73048816861429e-17,3.0858559130209105e-07,43.8339,5.0,5.8,7.11,Cross-linked,Intra,Bound,17.2831,17.2789,1974,49854.93,27012.53,4,678.10518,BSA,MPCTEDYLSLILNR,445,458,BSA,LSQKFPK,218.0,224.0,[Y451-K221],,4
37,Protein state 1 - 20(1),Data\BSAXlink2.mzML,4,6134,Accepted,24.9120567896349,1.51646085228992e-11,3.90796311728735e-08,7.270780014937669e-14,20.5696,1.59,1.8,1.82,Cross-linked plus a dead end,Inter,Bound(+Hydrolysed),12.4984,12.4612,985,138630.04,3640139.84,5,664.17079,DECOY_BSA,RSVEVLTPTSVQPV,414,427,BSA,VPQVSTPTLVEVSR,414.0,427.0,[T420-S418;T422-S418;T422-T419;S423-S418;S423-T419],,4
39,Protein state 1 - 20(1),Data\BSAXlink2.mzML,4,6130,Accepted,48.9943572850379,5.272553397304879e-22,1.61829161228053e-19,5.59054101754022e-14,42.1027,2.49,2.56,6.3,Cross-linked plus a dead end,Intra,Bound(+Amidated),13.2726,13.2769,1152,60699.61,1514518.04,4,803.16094,BSA,LSQKFPKAEFVEVTK,218,232,BSA,CCTKPESER,436.0,444.0,[K221-T438;K221-K439;K224-T438;K224-K439],,4
40,Protein state 1 - 20(1),Data\BSAXlink2.mzML,3,6125,Accepted,34.3303734170757,1.2317094211488301e-15,7.458346456460921e-14,4.06826245403703e-07,34.275999999999996,3.94,2.88,4.69,Cross-linked,Intra,Bound,12.2912,12.2588,943,1088105.17,46609104.91,4,787.6253,BSA,LAKEYEATLEECCAK,348,362,BSA,CASIQKFGER,199.0,208.0,[K350-K204],,4
41,Protein state 1 - 20(1),Data\BSAXlink2.mzML,3,6120,Accepted,50.9185636093491,7.69748405616499e-23,5.7295951751349195e-18,8.41422699806371e-13,42.6223,3.57,3.81,3.79,Cross-linked,Intra,Bound,12.4972,12.4612,985,124408.62,3640139.84,5,664.16949,BSA,KVPQVSTPTLVEVSR,413,427,BSA,LCVLHEKTPVSEK,459.0,471.0,[K413-K465;K413-T466],,4
44,Protein state 1 - 20(1),Data\BSAXlink2.mzML,4,3627,Accepted,16.5927532691274,6.220980150637831e-08,5.94946363641438e-11,1.20025021899272e-07,20.8401,4.66,4.26,8.79,Cross-linked plus a dead end,Intra,Bound(+Hydrolysed),14.7059,14.6741,1455,351150.94,12109376.96,4,1162.05379,BSA,LAKEYEATLEECCAKDDPHACYSTVFDK,348,375,BSA,ALKAWSVAR,209.0,217.0,[K350-K211;Y352-K211;T355-K211;K362-K211],,4
45,Protein state 1 - 20(1),Data\BSAXlink2.mzML,3,3618,Accepted,43.671072596325395,1.08117041351964e-19,5.72237147601782e-14,5.98094248954199e-13,42.9916,3.51,3.81,8.79,Cross-linked,Intra,Bound,12.5946,12.5937,1012,60899.23,1924171.41,4,1239.3141,BSA,LAKEYEATLEECCAKDDPHACYSTVFDK,348,375,BSA,VTKCCTESLVNR,472.0,483.0,[K350-K474;Y352-K474;T355-K474;K362-K474],,4
46,Protein state 1 - 20(1),Data\BSAXlink2.mzML,3,3589,Accepted,32.6821209994385,6.402287801493389e-15,1.7046652054046802e-09,2.15021462654209e-09,34.8926,2.59,2.51,2.47,Cross-linked,Intra,Bound,18.8772,18.8584,2253,117615.33,7914626.68,4,1286.6088300000001,BSA,HPYFYAPELLYYANKYNGVFQECCQAEDK,145,173,BSA,GACLLPKIETMR,174.0,185.0,[Y155-K180;Y156-K180;K159-K180;Y160-K180],,4
47,Protein state 1 - 20(1),Data\BSAXlink2.mzML,3,3575,Accepted,33.7775922569679,2.1408097342205e-15,4.71904458635404e-11,1.73653480110234e-07,34.8876,4.74,0.6,4.23,Cross-linked,Intra,Bound,17.0295,17.0864,1949,89435.57,2927360.96,4,1187.06358,BSA,HPYFYAPELLYYANKYNGVFQECCQAEDK,145,173,BSA,EKVLTSSAR,186.0,194.0,[Y155-K187;Y156-K187;K159-K187;Y160-K187],,4
48,Protein state 1 - 20(1),Data\BSAXlink2.mzML,3,3575,Accepted,48.737833723359,6.81440206015173e-22,1.0349090741140799e-18,2.25331386492869e-08,47.793,3.86,2.3,6.25,Cross-linked,Intra,Bound,16.4622,16.4727,1829,618091.62,25762409.42,4,1187.06358,BSA,HPYFYAPELLYYANKYNGVFQECCQAEDK,145,173,BSA,EKVLTSSAR,186.0,194.0,[Y155-K187;Y156-K187;K159-K187;Y160-K187],,4
49,Protein state 1 - 20(1),Data\BSAXlink2.mzML,3,3561,Accepted,46.2606905168266,8.11404439395829e-21,5.83061676583347e-19,4.5223927883736497e-07,46.0303,0.62,0.76,4.81,Cross-linked,Intra,Bound,17.0298,17.0382,1940,63163.45,2986445.73,5,949.85232,BSA,HPYFYAPELLYYANKYNGVFQECCQAEDK,145,173,BSA,EKVLTSSAR,186.0,194.0,[Y155-K187;Y156-K187;K159-K187;Y160-K187],,4
50,Protein state 1 - 20(1),Data\BSAXlink2.mzML,4,3532,Accepted,19.2515451173571,4.3567253976357605e-09,1.21693878960795e-08,2.0993584606352197e-07,22.7514,0.71,0.1,0.92,Cross-linked plus a dead end,Intra,Bound(+Amidated),14.9556,15.0482,1537,159003.78,6427156.4,5,914.65858,BSA,NECFLSHKDDSPDLPKLKPDPNTLCDEFK,99,127,BSA,SLGKVGTR,428.0,435.0,[S104-K431;K106-K431;S109-K431;K114-K431;K116-K431],,4
51,Protein state 1 - 20(1),Data\BSAXlink2.mzML,4,3524,Accepted,19.2515451173571,4.3567253976357605e-09,1.21693878960795e-08,2.12114772746297e-07,20.1897,4.62,4.95,5.05,Cross-linked plus a dead end,Intra,Bound(+Hydrolysed),14.9567,15.0482,1537,187380.03,6393928.36,5,914.8553800000001,BSA,NECFLSHKDDSPDLPKLKPDPNTLCDEFK,99,127,BSA,SLGKVGTR,428.0,435.0,[S104-K431;S104-T434;K106-K431;K106-T434;S109-K431;S109-T434;K114-K431;K114-T434;K116-K431;K116-T434;T121-K431],,4
52,Protein state 1 - 20(1),Data\BSAXlink2.mzML,3,1595,Accepted,24.873444395362394,1.57616018669116e-11,4.226280443611329e-15,2.8043564411834403,28.6493,4.84,4.42,8.98,Cross-linked,Intra,Bound,17.5389,17.4663,2007,550909.6,17827449.14,4,1325.6341,BSA,RHPYFYAPELLYYANKYNGVFQECCQAEDKGACLLPK,144,180,BSA,IETMR,181.0,185.0,[Y155-T183;Y156-T183;K159-T183;Y160-T183;K173-T183],,4
53,Protein state 1 - 20(1),Data\BSAXlink2.mzML,3,1586,Accepted,29.767984134132103,1.18012701768493e-13,1.0468271307502098e-21,0.0923594440836524,29.8373,0.36,0.8,0.69,Cross-linked,Inter,Bound,15.9644,15.9476,1724,145072.21,6458266.47,6,940.9625,BSA,RHPYFYAPELLYYANKYNGVFQECCQAEDKGACLLPK,144,180,DECOY_BSA,RASSTLVKE,186.0,194.0,[Y155-K193;Y156-K193;K159-K193;Y160-K193],,4
57,Protein state 1 - 20(1),Data\BSAXlink2.mzML,3,1551,Accepted,24.1490981153516,3.25222021955415e-11,2.2774975681799598e-14,0.00698314352425866,27.4275,4.86,3.91,4.96,Cross-linked,Intra,Bound,16.7044,16.6653,1865,222540.99,7680876.1,5,1063.90772,BSA,RHPYFYAPELLYYANKYNGVFQECCQAEDKGACLLPK,144,180,BSA,IETMR,181.0,185.0,[Y155-T183;Y156-T183;K159-T183;Y160-T183;K173-T183],,4
58,Protein state 1 - 20(1),Data\BSAXlink2.mzML,3,1499,Accepted,26.5845243824448,2.8476575199259596e-12,6.357236559985479e-15,0.0013213916380465699,26.5845,4.35,3.64,6.81,Cross-linked,Intra,Bound,17.869,17.8699,2081,115783.93,4993331.32,6,884.0918300000001,BSA,RHPYFYAPELLYYANKYNGVFQECCQAEDKGACLLPK,144,180,BSA,IETMR,181.0,185.0,[Y155-T183;Y156-T183;K159-T183;Y160-T183;K173-T183],,4
59,Protein state 1 - 20(1),Data\BSAXlink2.mzML,3,3150,Accepted,77.9079348114617,1.4622236870404898e-34,5.53730101642426e-37,1.48230873188208e-06,78.6157,4.8,3.31,4.69,Cross-linked,Intra,Bound,15.7843,15.7618,1683,408319.34,19295835.42,4,1226.08885,BSA,RHPYFYAPELLYYANKYNGVFQECCQAEDK,144,173,BSA,EKVLTSSAR,186.0,194.0,[Y155-K187;Y156-K187;K159-K187;Y160-K187],,4
60,Protein state 1 - 20(1),Data\BSAXlink2.mzML,3,3137,Accepted,46.460685224461606,6.643252835599499e-21,3.8388961436595196e-18,1.48045384810904e-07,48.5057,4.75,3.75,8.18,Cross-linked,Intra,Bound,18.6402,18.6912,2221,34478.89,2329859.06,5,1060.70874,BSA,RHPYFYAPELLYYANKYNGVFQECCQAEDK,144,173,BSA,GACLLPKIETMR,174.0,185.0,[Y155-K180;Y156-K180;K159-K180;Y160-K180],,4
61,Protein state 1 - 20(1),Data\BSAXlink2.mzML,3,3132,Accepted,56.44810841061461,3.05420373131728e-25,3.0409350512787e-29,2.1786654902378202e-07,46.7774,2.4,2.85,4.38,Cross-linked,Inter,Bound,16.0188,16.053,1748,157638.63,5553293.42,6,908.0988699999999,BSA,RHPYFYAPELLYYANKYNGVFQECCQAEDK,144,173,DECOY_BSA,KELLPKDCCEKL,274.0,285.0,[Y155-K274;Y156-K274;K159-K274;Y160-K274],,4
62,Protein state 1 - 20(1),Data\BSAXlink2.mzML,3,3128,Accepted,67.4254599598408,5.2178885617523906e-30,4.595081884290191e-28,4.42693386348533e-10,67.3473,1.2,1.92,7.27,Cross-linked,Intra,Bound,15.3769,15.3574,1602,56771.41,3069329.75,5,1016.25954,BSA,RHPYFYAPELLYYANKYNGVFQECCQAEDK,144,173,BSA,CCTKPESER,436.0,444.0,[Y155-T438;Y155-K439;Y156-T438;Y156-K439;K159-T438;K159-K439;Y160-T438;Y160-K439],,4
63,Protein state 1 - 20(1),Data\BSAXlink2.mzML,3,3103,Accepted,49.448049902836,3.3495370525977295e-22,3.17795029983599e-22,1.19527378550366e-07,49.8744,4.38,4.18,3.74,Cross-linked,Intra,Bound,15.7148,15.7488,1679,83524.28,2523407.32,6,847.05083,BSA,RHPYFYAPELLYYANKYNGVFQECCQAEDK,144,173,BSA,CCTKPESER,436.0,444.0,[Y155-T438;Y155-K439;Y156-T438;Y156-K439;K159-T438;K159-K439;Y160-T438;Y160-K439],,4
65,Protein state 1 - 20(1),Data\BSAXlink2.mzML,3,6452,Accepted,23.8788133669668,4.26150615781843e-11,1.46295156324342e-12,5.0,24.1636,3.57,3.77,4.64,Cross-linked,Intra,Bound,8.0423,8.1555,404,18718.17,366328.17,3,707.6857200000001,BSA,VGTRCCTKPESER,432,444,BSA,SLGK,428.0,431.0,[T434-S428;T438-S428;K439-S428],,4
66,Protein state 1 - 20(1),Data\BSAXlink2.mzML,3,6451,Accepted,24.931944932353396,1.48659919318087e-11,4.7872701562479896e-14,0.00590598833565803,26.6687,3.56,2.93,2.0,Cross-linked,Inter,Bound,10.9779,10.9804,725,18417.28,322660.27,5,629.5237400000001,BSA,LCVLHEKTPVSEK,459,471,DECOY_BSA,RNVLSETCCKTV,472.0,483.0,[K465-K481;K465-T482;T466-K481],,4
67,Protein state 1 - 20(1),Data\BSAXlink2.mzML,4,6450,Accepted,23.0244156996024,1.00143626077401e-10,3.04972145154717e-11,0.006807775595990879,26.877,3.38,3.6,4.66,Cross-linked plus a dead end,Intra,Bound(+Hydrolysed),13.7427,13.7689,1258,254541.92,7125444.81,4,757.89247,BSA,LCVLHEKTPVSEK,459,471,BSA,CASIQKFGER,199.0,208.0,[K465-S201;K465-K204;T466-S201;T466-K204],,4
68,Protein state 1 - 20(1),Data\BSAXlink2.mzML,4,6446,Accepted,19.768571618023,2.59787608010902e-09,0.00137702796301253,7.709370469619209e-13,16.3323,4.9,4.95,6.56,Cross-linked plus a dead end,Intra,Bound(+Hydrolysed),15.8092,15.8481,1703,100958.38,1454481.08,4,762.181,BSA,ALKAWSVARLSQK,209,221,BSA,FPKAEFVEVTK,222.0,232.0,[K211-K224;S214-K224;S219-K224],,4
69,Protein state 1 - 20(1),Data\BSAXlink2.mzML,3,6445,Accepted,43.8806470573263,8.76752717510479e-20,2.28197594084132e-10,1.76372009178531e-08,47.6577,4.97,4.77,5.92,Cross-linked,Intra,Bound,11.51,11.5506,824,205462.29,5641223.56,3,958.16133,BSA,LCVLHEKTPVSEK,459,471,BSA,CASIQKFGER,199.0,208.0,[K465-K204;T466-K204],,4
70,Protein state 1 - 20(1),Data\BSAXlink2.mzML,3,6433,Accepted,42.225954665230205,4.586705918700299e-19,2.0735744279409802e-05,5.717625596241791e-16,41.8613,3.8,3.15,1.45,Cross-linked,Intra,Bound,10.9787,11.0527,735,11061.81,298200.65,4,786.6528599999999,BSA,LCVLHEKTPVSEK,459,471,BSA,VTKCCTESLVNR,472.0,483.0,[K465-K474;T466-K474],,4
72,Protein state 1 - 20(1),Data\BSAXlink2.mzML,3,6416,Accepted,33.728943191399395,2.24753307478518e-15,2.55581971104142e-12,5.8074384902629005e-08,33.9704,4.23,3.62,7.47,Cross-linked,Intra,Bound,11.5102,11.4796,806,748446.27,21307672.45,5,575.29971,BSA,LCVLHEKTPVSEK,459,471,BSA,CASIQKFGER,199.0,208.0,[K465-S201;K465-K204;T466-S201;T466-K204],,4
73,Protein state 1 - 20(1),Data\BSAXlink2.mzML,4,6414,Accepted,24.955580512807398,1.45187454350815e-11,2.948922033049e-08,4.7642423849131897e-07,28.9591,4.7,3.78,5.98,Cross-linked plus a dead end,Intra,Bound(+Amidated),14.6052,14.6124,1443,234763.52,5751746.62,4,757.64647,BSA,LCVLHEKTPVSEK,459,471,BSA,CASIQKFGER,199.0,208.0,[K465-S201;K465-K204;T466-K204],,4
77,Protein state 1 - 20(1),Data\BSAXlink2.mzML,3,3836,Accepted,33.228754958931695,3.7062531585236895e-15,1.08282456619236e-14,2.1642702496826898e-07,39.4474,4.62,3.99,6.42,Cross-linked,Intra,Bound,14.8471,14.8247,1490,156047.09,7362354.02,4,1101.02793,BSA,SHCIAEVEKDAIPENLPPLTADFAEDK,286,312,BSA,DVCKNYQEAK,313.0,322.0,[T305-K316],,4
78,Protein state 1 - 20(1),Data\BSAXlink2.mzML,3,3830,Accepted,23.630244614474602,5.46405620403921e-11,1.08282456619236e-14,0.0424049353123368,25.6186,4.62,3.99,6.42,Cross-linked,Inter,Bound,14.8471,14.8247,1490,156047.09,7362354.02,4,1101.02793,BSA,SHCIAEVEKDAIPENLPPLTADFAEDK,286,312,DECOY_BSA,KAEQYNKCVD,313.0,322.0,[T305-K313;T305-Y317;T305-K319],,4
83,Protein state 1 - 20(1),Data\BSAXlink2.mzML,3,3768,Accepted,27.803552665241,8.41531738645228e-13,6.25997240732706e-12,2.6737964534313e-10,26.5965,3.85,4.41,7.06,Cross-linked,Intra,Bound,12.595,12.5862,1010,99043.09,3735165.88,6,826.54516,BSA,LAKEYEATLEECCAKDDPHACYSTVFDK,348,375,BSA,VTKCCTESLVNR,472.0,483.0,[K350-T473;K350-K474;Y352-K474;T355-K474;K362-K474],,4
90,Protein state 1 - 20(1),Data\BSAXlink2.mzML,3,5685,Accepted,31.3365374752296,2.45875180955684e-14,7.96946860073242e-12,1.92783657463667e-09,38.2069,2.24,1.3,3.42,Cross-linked,Intra,Bound,11.1596,11.1835,753,202481.61,4761021.11,4,863.3730400000001,BSA,ETYGDMADCCEKQEPER,82,98,BSA,CASIQKFGER,199.0,208.0,[Y84-K204;K93-S201;K93-K204],,4
91,Protein state 1 - 20(1),Data\BSAXlink2.mzML,4,5680,Accepted,31.128647617055897,3.0269142003596e-14,6.7599527774776204e-15,2.7122048992501e-12,30.0602,4.35,3.77,5.23,Cross-linked plus a dead end,Intra,Bound(+Hydrolysed),10.3286,10.3496,630,72938.49,2034090.65,4,812.92075,BSA,SLGKVGTRCCTKPESER,428,444,BSA,EKVLTSSAR,186.0,194.0,[T438-K187;K439-K187],,4
94,Protein state 1 - 20(1),Data\BSAXlink2.mzML,4,4353,Accepted,53.6586795111094,4.96971612488407e-24,5.18323550886513e-22,5.95849021829234e-09,60.1997,3.26,3.24,5.14,Cross-linked plus a dead end,Intra,Bound(+Hydrolysed),14.0112,14.0621,1323,180768.61,8124041.87,3,1393.6938300000002,BSA,LVTDLTKVHKECCHGDLLECADDR,233,256,BSA,ALKAWSVAR,209.0,217.0,[T238-K211;K239-K211;K242-K211],,4
96,Protein state 1 - 20(1),Data\BSAXlink2.mzML,3,5662,Accepted,51.5421777704824,4.12588015683691e-23,8.72541661409585e-15,5.224767596798859e-10,51.8609,3.2,2.87,4.14,Cross-linked,Intra,Bound,12.2854,12.3116,955,60365.43,1724124.72,3,1023.85176,BSA,ADLAKYICDNQDTISSK,257,273,BSA,EKVLTSSAR,186.0,194.0,[K261-K187;Y262-K187],,4
98,Protein state 1 - 20(1),Data\BSAXlink2.mzML,4,5636,Accepted,40.5027222991938,2.56975194475704e-18,1.5947941977573802e-17,4.3461636345929905e-16,31.364,3.49,3.79,5.39,Cross-linked plus a dead end,Intra,Bound(+Hydrolysed),12.4899,12.4817,989,59655.93,1549769.21,4,857.9213800000001,BSA,ADLAKYICDNQDTISSK,257,273,BSA,DTHKSEIAHR,1.0,10.0,[K261-D1;K261-T2;Y262-D1],,4
100,Protein state 1 - 20(1),Data\BSAXlink2.mzML,3,5597,Accepted,31.5174925160757,2.0517616915474302e-14,5.2718430160574e-09,3.19396424067386e-10,41.733999999999995,2.83,3.31,4.09,Cross-linked,Intra,Bound,11.1548,11.2003,758,35280.14,1241789.78,3,1150.8283,BSA,ETYGDMADCCEKQEPER,82,98,BSA,CASIQKFGER,199.0,208.0,[Y84-S201;Y84-K204;K93-S201;K93-K204],,4
102,Protein state 1 - 20(1),Data\BSAXlink2.mzML,3,5577,Accepted,40.0718650382345,3.95375846111544e-18,6.636554298024279e-21,0.00155100046420564,40.2187,3.52,3.37,2.79,Cross-linked,Intra,Bound,11.3126,11.2998,778,47619.18,1272926.22,3,860.4146,BSA,ADLAKYICDNQDTISSK,257,273,BSA,DTHK,1.0,4.0,[K261-D1;K261-T2;Y262-D1],,4
103,Protein state 1 - 20(1),Data\BSAXlink2.mzML,3,5572,Accepted,33.830862563741896,2.0297524324708104e-15,3.92565411853281e-13,2.50081440822787e-07,37.8619,1.36,0.45,1.17,Cross-linked,Intra,Bound,10.1534,10.2402,615,69352.31,982261.52,4,768.8481,BSA,ETYGDMADCCEKQEPER,82,98,BSA,SLGKVGTR,428.0,435.0,[K93-K431],,4
104,Protein state 1 - 20(1),Data\BSAXlink2.mzML,4,5568,Accepted,24.823793531134896,1.6563932404281497e-11,7.028516435525489e-09,1.22555369905023e-10,25.8434,4.39,4.06,4.08,Cross-linked plus a dead end,Intra,Bound(+Hydrolysed),10.3295,10.357000000000001,632,29549.63,502055.4,3,1083.5585800000001,BSA,SLGKVGTRCCTKPESER,428,444,BSA,EKVLTSSAR,186.0,194.0,[K431-K187;T434-K187;T438-K187;K439-K187],,4
108,Protein state 1 - 20(1),Data\BSAXlink2.mzML,4,6117,Accepted,54.3944399911347,2.38119447187279e-24,3.4517992387167395e-23,4.217255609343751e-12,50.9117,2.57,1.86,3.12,Cross-linked plus a dead end,Intra,Bound(+Amidated),11.7338,11.7685,864,57178.23,1349440.95,4,810.96047,BSA,KVPQVSTPTLVEVSR,413,427,BSA,HKPKATEEQLK,534.0,544.0,[K413-K537],,4
109,Protein state 1 - 20(1),Data\BSAXlink2.mzML,3,6113,Accepted,24.448659084246696,2.41036198793946e-11,7.458346456460921e-14,0.0536065367322469,22.1204,3.94,2.88,4.69,Cross-linked,Inter,Bound,12.2912,12.2588,943,1088105.17,46609104.91,4,787.6253,BSA,LAKEYEATLEECCAK,348,362,DECOY_BSA,REGFKQISAC,199.0,208.0,[K350-K203;K350-S206;Y352-K203;Y352-S206],,4
111,Protein state 1 - 20(1),Data\BSAXlink2.mzML,4,6108,Accepted,45.8920872766285,1.1730586673976899e-20,3.3393290169946e-21,1.3085832811511601e-09,44.3204,4.9,4.95,6.56,Cross-linked plus a dead end,Intra,Bound(+Hydrolysed),15.8092,15.8481,1703,100958.38,1454481.08,4,762.181,BSA,LSQKFPKAEFVEVTK,218,232,BSA,ALKAWSVAR,209.0,217.0,[K221-K211],,4
113,Protein state 1 - 20(1),Data\BSAXlink2.mzML,4,6103,Accepted,35.697356133878706,3.13931729412086e-16,2.78277848430695e-19,3.92662933279553e-08,39.4298,3.45,2.28,5.58,Cross-linked plus a dead end,Intra,Bound(+Hydrolysed),12.2162,12.2491,940,168833.24,3411887.11,4,811.20647,BSA,KVPQVSTPTLVEVSR,413,427,BSA,HKPKATEEQLK,534.0,544.0,[K413-K535;K413-K537],,4
121,Protein state 1 - 20(1),Data\BSAXlink2.mzML,4,682,Accepted,19.8716951707993,2.34332454348922e-09,5.62641981967391e-20,3.28898551615886e-06,21.1682,1.45,3.28,2.34,Cross-linked plus a dead end,Intra,Bound(+Amidated),18.029,17.8874,2084,273276.33,9259876.71,6,1071.86425,BSA,RHPYFYAPELLYYANKYNGVFQECCQAEDKGACLLPKIETMR,144,185,BSA,EKVLTSSAR,186.0,194.0,[Y155-K187;Y156-K187;Y156-T190;K159-K187;K159-T190;Y160-K187;Y160-T190;K173-K187;K173-T190;K180-K187],,4
127,Protein state 1 - 20(1),Data\BSAXlink2.mzML,4,650,Accepted,16.2491007748489,8.77213279634709e-08,1.7887788982854398e-13,5.88164264381061e-07,16.8475,3.25,4.91,7.33,Cross-linked plus a dead end,Intra,Bound(+Hydrolysed),18.0246,18.0539,2115,70892.97,3792303.71,7,919.02526,BSA,RHPYFYAPELLYYANKYNGVFQECCQAEDKGACLLPKIETMR,144,185,BSA,EKVLTSSAR,186.0,194.0,[Y155-K187;Y156-K187;K159-K187;Y160-K187;K173-K187;K180-K187;T183-K187],,4
128,Protein state 1 - 20(1),Data\BSAXlink2.mzML,4,2059,Accepted,23.264091215799603,7.88013319885463e-11,1.1527887915011098e-09,2.14479140355132e-13,27.2309,4.0,5.02,2.65,Cross-linked plus a dead end,Intra,Bound(+Hydrolysed),17.1758,17.2872,1976,62149.9,532716.27,6,1004.6511,BSA,VHKECCHGDLLECADDRADLAKYICDNQDTISSK,240,273,BSA,AEFVEVTKLVTDLTK,225.0,239.0,[K242-T231;K242-K232;K261-T231;K261-K232;Y262-T231;Y262-K232],,4
130,Protein state 1 - 20(1),Data\BSAXlink2.mzML,4,2015,Accepted,16.103136637562002,1.01507145943145e-07,1.73272832369472e-08,1.9074262034946e-12,16.9215,3.25,4.91,7.33,Cross-linked plus a dead end,Intra,Bound(+Hydrolysed),18.0246,18.0539,2115,70892.97,3792303.71,7,919.02526,BSA,YNGVFQECCQAEDKGACLLPKIETMREKVLTSSAR,160,194,BSA,RHPYFYAPELLYYANK,144.0,159.0,[Y160-Y155;Y160-Y156;K173-Y155;K173-Y156;K180-Y155;K180-Y156;T183-Y155;T183-Y156;K187-Y155;K187-Y156],,4
131,Protein state 1 - 20(1),Data\BSAXlink2.mzML,4,2007,Accepted,18.142662797152603,1.32050989592307e-08,1.2920273882402801e-10,2.9069300184173398e-11,17.8888,3.17,4.29,6.0,Cross-linked plus a dead end,Intra,Bound(+Amidated),20.599,20.576,2557,150864.67,9203025.5,7,1147.13484,BSA,LVNELTEFAKTCVADESHAGCEKSLHTLFGDELCK,42,76,BSA,FKDLGEEHFKGLVLIAFSQYLQQCPFDEHVK,11.0,41.0,[T47-K12;T47-K20;T47-S28;T47-Y30;K51-K12;K51-K20;K51-S28;K51-Y30;T52-K12;T52-K20;T52-S28;T52-Y30;S58-K12;S58-K20;S58-S28;S58-Y30;K64-K12;K64-K20;K64-S28;K64-Y30;S65-K12;S65-K20;S65-S28;S65-Y30;T68-K20;T68-S28;T68-Y30],,4
132,Protein state 1 - 20(1),Data\BSAXlink2.mzML,4,2000,Accepted,21.3358196780418,5.419650076839351e-10,3.7176372229553597e-13,2.9069300184173398e-11,21.2274,3.53,6.69,8.35,Cross-linked plus a dead end,Intra,Bound(+Hydrolysed),20.5959,20.576,2557,229497.7,8920505.79,7,1147.27542,BSA,LVNELTEFAKTCVADESHAGCEKSLHTLFGDELCK,42,76,BSA,FKDLGEEHFKGLVLIAFSQYLQQCPFDEHVK,11.0,41.0,[T47-K20;T47-S28;T47-Y30;K51-K20;K51-S28;K51-Y30;T52-K20;T52-S28;T52-Y30;S58-K20;S58-S28;S58-Y30;K64-K20;K64-S28;K64-Y30;S65-K20;S65-S28;S65-Y30],,4
133,Protein state 1 - 20(1),Data\BSAXlink2.mzML,4,1974,Accepted,21.321676478811,5.496845878653921e-10,1.47832549214675e-06,1.18730027993792e-22,21.206,1.45,3.28,2.34,Cross-linked plus a dead end,Intra,Bound(+Amidated),18.029,17.8874,2084,273276.33,9259876.71,6,1071.86425,BSA,YNGVFQECCQAEDKGACLLPKIETMREKVLTSSAR,160,194,BSA,RHPYFYAPELLYYANK,144.0,159.0,[K173-Y155;K173-Y156;K180-Y155;K180-Y156;T183-Y155;T183-Y156;K187-Y155;K187-Y156;T190-Y156],,4
134,Protein state 1 - 20(1),Data\BSAXlink2.mzML,4,1907,Accepted,16.6713616219423,5.7506858273023e-08,7.670695525145711e-14,0.0535786143684547,14.0458,0.67,3.61,0.18,Cross-linked plus a dead end,Inter,Bound(+Amidated),16.9084,16.9258,1918,87257.8,3396222.91,5,1110.93661,BSA,LVNELTEFAKTCVADESHAGCEKSLHTLFGDELCK,42,76,DECOY_BSA,KFHEEGLDKF,11.0,20.0,[T47-K11;T47-K19;K51-K11;K51-K19;T52-K11;T52-K19;S58-K11;S58-K19;K64-K11;K64-K19;S65-K11;S65-K19;T68-K11;T68-K19],,4
135,Protein state 1 - 20(1),Data\BSAXlink2.mzML,4,1895,Accepted,16.353902248354398,7.89933434343284e-08,5.62586743825939e-10,1.0211735420792e-07,19.2578,2.36,1.63,4.76,Cross-linked plus a dead end,Intra,Bound(+Amidated),16.9255,16.9404,1922,43958.65,1953543.0,7,793.81394,BSA,LVNELTEFAKTCVADESHAGCEKSLHTLFGDELCK,42,76,BSA,FKDLGEEHFK,11.0,20.0,[T47-K12;K51-K12;T52-K12;S58-K12;K64-K12;S65-K12;T68-K12],,4
137,Protein state 1 - 20(1),Data\BSAXlink2.mzML,4,1887,Accepted,23.358065113089598,7.17333665616115e-11,7.670695525145711e-14,2.7618895614978097e-08,26.4872,0.67,3.61,0.18,Cross-linked plus a dead end,Intra,Bound(+Amidated),16.9084,16.9258,1918,87257.8,3396222.91,5,1110.93661,BSA,LVNELTEFAKTCVADESHAGCEKSLHTLFGDELCK,42,76,BSA,FKDLGEEHFK,11.0,20.0,[T47-K12;K51-K12;T52-K12;S58-K12;K64-K12;S65-K12;T68-K12],,4
138,Protein state 1 - 20(1),Data\BSAXlink2.mzML,3,5825,Accepted,37.006209305980704,8.480227480019949e-17,1.44042549816387e-10,2.4462753357901303e-09,36.0144,0.42,0.06,1.19,Cross-linked,Intra,Bound,10.1513,10.2366,614,66212.53,971806.44,5,762.94509,BSA,ETYGDMADCCEKQEPER,82,98,BSA,LCVLHEKTPVSEK,459.0,471.0,[Y84-K465;Y84-T466;K93-K465;K93-T466],,4
139,Protein state 1 - 20(1),Data\BSAXlink2.mzML,3,5824,Accepted,37.9546015965458,3.28492882275911e-17,4.7321067072705796e-11,1.80607382725216e-10,43.8098,4.11,2.07,3.55,Cross-linked,Intra,Bound,11.8922,11.9785,890,53500.72,1029200.05,4,814.87311,BSA,ETYGDMADCCEKQEPER,82,98,BSA,ALKAWSVAR,209.0,217.0,[Y84-K211;K93-K211],,4
140,Protein state 1 - 20(1),Data\BSAXlink2.mzML,3,5801,Accepted,40.398959899611896,2.85072051406287e-18,1.11463355228679e-08,8.087841926561441e-15,41.7954,3.27,3.0,4.4,Cross-linked,Intra,Bound,10.9408,10.9255,717,87452.66,1933865.57,4,949.4308199999999,BSA,ETYGDMADCCEKQEPER,82,98,BSA,LCVLHEKTPVSEK,459.0,471.0,[Y84-K465;Y84-T466;K93-K465;K93-T466],,4
141,Protein state 1 - 20(1),Data\BSAXlink2.mzML,3,5798,Accepted,34.060113766939104,1.61391455407379e-15,3.3400360100119196e-19,0.00298251524174509,38.1757,3.72,3.05,5.0,Cross-linked,Intra,Bound,11.300999999999998,11.3143,781,29897.73,529658.23,4,645.56277,BSA,ADLAKYICDNQDTISSK,257,273,BSA,DTHK,1.0,4.0,[K261-D1;K261-T2;Y262-D1],,4
142,Protein state 1 - 20(1),Data\BSAXlink2.mzML,4,5790,Accepted,23.662805031788302,5.2890095152491206e-11,6.7599527774776204e-15,6.87675091981532e-07,22.4586,4.35,3.77,5.23,Cross-linked plus a dead end,Inter,Bound(+Hydrolysed),10.3286,10.3496,630,72938.49,2034090.65,4,812.92075,BSA,SLGKVGTRCCTKPESER,428,444,DECOY_BSA,RASSTLVKE,186.0,194.0,[T438-K193;K439-K193],,4
144,Protein state 1 - 20(1),Data\BSAXlink2.mzML,3,3014,Accepted,60.260812470626895,6.74623816210654e-27,3.0409350512787e-29,6.83100835880756e-09,53.9559,2.4,2.85,4.38,Cross-linked,Intra,Bound,16.0188,16.053,1748,157638.63,5553293.42,6,908.0988699999999,BSA,RHPYFYAPELLYYANKYNGVFQECCQAEDK,144,173,BSA,LKECCDKPLLEK,274.0,285.0,[Y155-K275;Y155-K280;Y156-K275;Y156-K280;K159-K275;K159-K280;Y160-K275;Y160-K280],,4
145,Protein state 1 - 20(1),Data\BSAXlink2.mzML,3,3008,Accepted,61.305303705216396,2.3738041754765898e-27,6.9595012635995e-29,8.25901018861633e-07,63.9166,4.86,3.91,4.96,Cross-linked,Intra,Bound,16.7044,16.6653,1865,222540.99,7680876.1,5,1063.90772,BSA,RHPYFYAPELLYYANKYNGVFQECCQAEDK,144,173,BSA,GACLLPKIETMR,174.0,185.0,[Y155-K180;Y156-K180;K159-K180;Y160-K180],,4
146,Protein state 1 - 20(1),Data\BSAXlink2.mzML,4,3000,Accepted,42.705616555629,2.83913722288083e-19,5.91545452629386e-20,2.31937353326625e-09,44.3889,2.83,0.73,2.06,Cross-linked plus a dead end,Intra,Bound(+Amidated),18.783,18.8105,2243,63526.22,2861259.81,5,1091.72766,BSA,RHPYFYAPELLYYANKYNGVFQECCQAEDK,144,173,BSA,GACLLPKIETMR,174.0,185.0,[Y155-K180;Y156-K180;K159-K180;Y160-K180],,4
148,Protein state 1 - 20(1),Data\BSAXlink2.mzML,3,2962,Accepted,52.66979161764971,1.3359805561296198e-23,1.0176387335036998e-26,2.3067561571572302e-10,51.3499,2.22,1.99,1.2,Cross-linked,Intra,Bound,13.8884,13.8583,1279,578165.7,18680943.98,6,803.37697,BSA,SHCIAEVEKDAIPENLPPLTADFAEDKDVCK,286,316,BSA,CCTKPESER,436.0,444.0,[K294-T438;K294-K439],,4
149,Protein state 1 - 20(1),Data\BSAXlink2.mzML,3,2925,Accepted,33.3255726779978,3.3642454961919e-15,4.88752081665807e-08,1.63787775310672e-16,35.0614,8.16,6.56,9.81,Cross-linked,Intra,Bound,19.6915,19.6655,2412,877726.88,1644342.41,7,924.8819300000001,BSA,FKDLGEEHFKGLVLIAFSQYLQQCPFDEHVK,11,41,BSA,LVNELTEFAKTCVADESHAGCEK,42.0,64.0,[K20-T47;K20-K51;K20-T52;S28-T47;S28-K51;S28-T52;Y30-T47;Y30-K51;Y30-T52],,4
151,Protein state 1 - 20(1),Data\BSAXlink2.mzML,3,2883,Accepted,61.0828611361687,2.9651759549054797e-27,8.512714938845969e-30,1.2726251163996901e-09,58.9454,2.22,2.88,2.65,Cross-linked,Intra,Bound,13.8923,13.8612,1280,191127.18,8833282.87,4,1204.56181,BSA,SHCIAEVEKDAIPENLPPLTADFAEDKDVCK,286,316,BSA,CCTKPESER,436.0,444.0,[K294-T438;K294-K439],,4
152,Protein state 1 - 20(1),Data\BSAXlink2.mzML,3,2880,Accepted,28.9211045444322,2.7524781861818396e-13,6.00137201215437e-14,5.66566860427109e-06,32.746,4.21,3.96,5.13,Cross-linked,Intra,Bound,14.7139,14.7965,1485,118251.37,3908238.21,4,1124.8145,BSA,SHCIAEVEKDAIPENLPPLTADFAEDKDVCK,286,316,BSA,LSQKFPK,218.0,224.0,[K294-S219;K294-K221;T305-S219;T305-K221],,4
154,Protein state 1 - 20(1),Data\BSAXlink2.mzML,4,2854,Accepted,17.8868649645137,1.70542744371005e-08,3.5274729065092e-07,2.51105604798241e-06,21.0416,4.1,6.7,5.64,Cross-linked plus a dead end,Intra,Bound(+Hydrolysed),20.6038,20.6274,2568,88593.29,3371240.41,4,1171.1014,BSA,FKDLGEEHFKGLVLIAFSQYLQQCPFDEHVK,11,41,BSA,KFWGK,132.0,136.0,[K12-K132;K20-K132;S28-K132;Y30-K132],,4
158,Protein state 1 - 20(1),Data\BSAXlink2.mzML,3,2726,Accepted,26.328275352961196,3.67938553100058e-12,5.055662941876099e-14,0.000166573546516835,33.0242,4.62,3.99,6.42,Cross-linked,Intra,Bound,14.8471,14.8247,1490,156047.09,7362354.02,4,1101.02793,BSA,SHCIAEVEKDAIPENLPPLTADFAEDKDVCK,286,316,BSA,NYQEAK,317.0,322.0,[T305-Y318;K312-Y318],,4
159,Protein state 1 - 20(1),Data\BSAXlink2.mzML,3,2719,Accepted,39.6396138091218,6.09164320041341e-18,2.2620690211542298e-08,2.51477687055104e-16,42.7992,4.92,6.02,9.75,Cross-linked,Intra,Bound,19.6861,19.6712,2414,378625.29,14463660.82,5,1294.43179,BSA,FKDLGEEHFKGLVLIAFSQYLQQCPFDEHVK,11,41,BSA,LVNELTEFAKTCVADESHAGCEK,42.0,64.0,[K20-T47;K20-K51;K20-T52;S28-T47;S28-K51;S28-T52;Y30-T47;Y30-K51;Y30-T52],,4
160,Protein state 1 - 20(1),Data\BSAXlink2.mzML,3,2714,Accepted,45.137476854077995,2.49484101518122e-20,2.0557212065388196e-27,1.10068377637829e-05,45.7045,4.29,4.36,4.38,Cross-linked,Intra,Bound,14.7187,14.6811,1457,287994.66,14344972.86,5,900.05305,BSA,SHCIAEVEKDAIPENLPPLTADFAEDKDVCK,286,316,BSA,LSQKFPK,218.0,224.0,[K294-S219;K294-K221],,4
166,Protein state 1 - 20(1),Data\BSAXlink2.mzML,4,6687,Accepted,18.459966732723302,9.61475698569958e-09,6.59061659025184e-07,3.91575352706378e-07,25.1133,1.2,1.47,2.17,Cross-linked plus a dead end,Intra,Bound(+Amidated),9.9681,10.0158,589,24110.94,296007.06,4,569.78976,BSA,CCTKPESER,436,444,BSA,SLGKVGTR,428.0,435.0,[T438-K431;K439-K431],,4
167,Protein state 1 - 20(1),Data\BSAXlink2.mzML,3,6686,Accepted,49.28845038100061,3.92914429239319e-22,2.1274840969425397e-19,9.64353711165482e-07,56.2399,3.57,3.77,3.23,Cross-linked,Intra,Bound,8.0423,8.0584,395,18718.17,366328.17,3,707.6857200000001,BSA,CCTKPESER,436,444,BSA,SLGKVGTR,428.0,435.0,[K439-K431],,4
168,Protein state 1 - 20(1),Data\BSAXlink2.mzML,3,6683,Accepted,25.476037702663998,8.62774707162401e-12,1.56922166655553e-07,1.76599661028121e-06,29.8386,4.6,4.01,5.73,Cross-linked,Intra,Bound,11.3619,11.3592,788,22772.25,417724.62,3,708.3589400000001,BSA,CCTESLVNR,475,483,BSA,LSQKFPK,218.0,224.0,[T477-K221],,4
169,Protein state 1 - 20(1),Data\BSAXlink2.mzML,3,3634,Accepted,34.6879289095953,8.61437722976979e-16,3.4298189653968195e-17,2.0028177461389e-08,38.5258,3.72,5.36,5.23,Cross-linked,Intra,Bound,13.4421,13.4071,1180,509150.47,15591381.6,4,1123.03413,BSA,LAKEYEATLEECCAKDDPHACYSTVFDK,348,375,BSA,ALKAWSVAR,209.0,217.0,[K350-K211],,4
170,Protein state 1 - 20(1),Data\BSAXlink2.mzML,3,3632,Accepted,33.5199802630171,2.76985821202239e-15,3.81832696346267e-12,2.17032580077825e-11,31.7521,4.27,3.81,5.31,Cross-linked,Intra,Bound,12.5932,12.5646,1004,244591.91,8079934.14,5,991.65274,BSA,LAKEYEATLEECCAKDDPHACYSTVFDK,348,375,BSA,VTKCCTESLVNR,472.0,483.0,[K350-T473;K350-K474;Y352-T473;Y352-K474;T355-T473;T355-K474;K362-T473;K362-K474],,4
171,Protein state 1 - 20(1),Data\BSAXlink2.mzML,3,613,Accepted,40.6519717099495,2.21346677728171e-18,7.05737024293946e-18,2.03499632078414e-14,40.1057,5.01,4.74,8.4,Cross-linked,Intra,Bound,15.9635,15.9205,1718,1024986.12,26089719.94,6,1184.90905,BSA,LKECCDKPLLEKSHCIAEVEKDAIPENLPPLTADFAEDKDVCK,274,316,BSA,ADLAKYICDNQDTISSK,257.0,273.0,[K285-K261;K285-Y262;S286-K261;S286-Y262;K294-K261;K294-Y262],,4
173,Protein state 1 - 20(1),Data\BSAXlink2.mzML,3,547,Accepted,33.7846644376932,2.12572295198812e-15,2.11708442913545e-18,1.3704514916897601e-11,31.5251,6.83,5.19,7.65,Cross-linked,Intra,Bound,15.9621,15.9303,1719,367856.49,12651722.85,7,1015.7802300000001,BSA,LKECCDKPLLEKSHCIAEVEKDAIPENLPPLTADFAEDKDVCK,274,316,BSA,ADLAKYICDNQDTISSK,257.0,273.0,[K285-K261;K285-Y262;S286-K261;S286-Y262;K294-K261;K294-Y262],,4
174,Protein state 1 - 20(1),Data\BSAXlink2.mzML,3,545,Accepted,51.747707287323706,3.35935788997858e-23,2.9432230927509998e-21,4.57260334094089e-14,51.7442,6.49,5.03,7.74,Cross-linked,Intra,Bound,15.9645,15.9515,1725,168189.17,7152854.44,5,1421.68941,BSA,LKECCDKPLLEKSHCIAEVEKDAIPENLPPLTADFAEDKDVCK,274,316,BSA,ADLAKYICDNQDTISSK,257.0,273.0,[K285-K261;K285-Y262;S286-K261;S286-Y262;K294-K261;K294-Y262],,4
177,Protein state 1 - 20(1),Data\BSAXlink2.mzML,4,501,Accepted,15.415422547741699,2.01914287734084e-07,1.7051666747581e-14,2.45047838656198e-05,13.9974,1.45,3.28,2.34,Cross-linked plus a dead end,Intra,Bound(+Amidated),18.029,17.8874,2084,273276.33,9259876.71,6,1071.86425,BSA,RHPYFYAPELLYYANKYNGVFQECCQAEDKGACLLPKIETMREK,144,187,BSA,VLTSSAR,188.0,194.0,[Y155-T190;Y155-S191;Y155-S192;Y156-T190;Y156-S191;Y156-S192;K159-T190;K159-S191;K159-S192;Y160-T190;Y160-S191;Y160-S192;K173-T190;K173-S191;K173-S192;K180-T190;K180-S191;K180-S192;T183-T190;T183-S191;T183-S192],,4
178,Protein state 1 - 20(1),Data\BSAXlink2.mzML,4,3071,Accepted,22.6269321479647,1.4902125815706997e-10,1.66267271701875e-17,3.15156044723787e-06,22.3727,1.45,3.28,2.34,Cross-linked plus a dead end,Intra,Bound(+Amidated),18.029,17.8874,2084,273276.33,9259876.71,6,1071.86425,BSA,RHPYFYAPELLYYANKYNGVFQECCQAEDK,144,173,BSA,GACLLPKIETMREKVLTSSAR,174.0,194.0,[Y155-K180;Y155-T183;Y155-K187;Y156-K180;Y156-T183;Y156-K187;K159-K180;K159-T183;K159-K187;Y160-K180;Y160-T183;Y160-K187],,4
179,Protein state 1 - 20(1),Data\BSAXlink2.mzML,4,3057,Accepted,17.239963092723,3.25671054677711e-08,9.767942452311819e-14,0.000836286841177092,17.1256,3.84,2.65,5.5,Cross-linked plus a dead end,Intra,Bound(+Hydrolysed),16.2011,16.113,1758,60345.65,3731128.74,5,977.6745,BSA,RHPYFYAPELLYYANKYNGVFQECCQAEDK,144,173,BSA,SLGKVGTR,428.0,435.0,[Y155-S428;Y155-K431;Y155-T434;Y156-S428;Y156-K431;Y156-T434;K159-S428;K159-K431;K159-T434;Y160-S428;Y160-K431;Y160-T434],,4
181,Protein state 1 - 20(1),Data\BSAXlink2.mzML,4,1695,Accepted,17.728743227785802,1.9975821339113603e-08,7.593941205965039e-16,2.76385104647225e-06,17.4006,1.45,3.28,2.34,Cross-linked plus a dead end,Intra,Bound(+Amidated),18.029,17.8874,2084,273276.33,9259876.71,6,1071.86425,BSA,RHPYFYAPELLYYANKYNGVFQECCQAEDKGACLLPK,144,180,BSA,IETMREKVLTSSAR,181.0,194.0,[Y155-T183;Y155-K187;Y156-T183;Y156-K187;Y156-T190;Y156-S191;K159-T183;K159-K187;K159-T190;K159-S191;Y160-T183;Y160-K187;Y160-T190;Y160-S191;K173-T183;K173-K187;K173-T190],,4
183,Protein state 1 - 20(1),Data\BSAXlink2.mzML,4,1666,Accepted,17.5138692121647,2.4764139647677596e-08,1.75038920484948e-12,1.4810779877901101,17.7809,2.83,0.73,2.06,Cross-linked plus a dead end,Intra,Bound(+Amidated),18.783,18.8105,2243,63526.22,2861259.81,5,1091.72766,BSA,RHPYFYAPELLYYANKYNGVFQECCQAEDKGACLLPK,144,180,BSA,IETMR,181.0,185.0,[Y155-T183;Y156-T183;K159-T183;Y160-T183;K173-T183],,4
185,Protein state 1 - 20(1),Data\BSAXlink2.mzML,4,4417,Accepted,30.762528208975898,4.36519600882956e-14,1.48631379696908e-14,2.2320088096097e-10,34.7701,3.54,0.66,3.3,Cross-linked plus a dead end,Intra,Bound(+Amidated),14.3485,14.3925,1397,385784.21,18878258.91,6,697.18655,BSA,LVTDLTKVHKECCHGDLLECADDR,233,256,BSA,ALKAWSVAR,209.0,217.0,[T235-K211;T238-K211;K239-K211;K242-K211],,4
186,Protein state 1 - 20(1),Data\BSAXlink2.mzML,4,4058,Accepted,34.918698813035995,6.83914466520591e-16,6.83939372657948e-17,1.5242348590584997e-11,38.4344,4.03,4.78,3.9,Cross-linked plus a dead end,Intra,Bound(+Amidated),18.9041,18.9035,2260,162106.85,6325935.71,6,865.75862,BSA,DDPHACYSTVFDKLKHLVDEPQNLIK,363,388,BSA,LAKEYEATLEECCAK,348.0,362.0,[Y369-K350;Y369-Y352;S370-K350;S370-Y352;T371-K350;T371-Y352;K375-K350;K375-Y352;K377-K350;K377-Y352],,4
187,Protein state 1 - 20(1),Data\BSAXlink2.mzML,3,4056,Accepted,25.4870321804928,8.533409046678941e-12,1.85689832907859e-14,8.68756992211672e-06,27.0248,3.55,3.06,3.86,Cross-linked,Intra,Bound,14.2116,14.2649,1367,867534.25,28299333.59,5,849.81472,BSA,YNGVFQECCQAEDKGACLLPKIETMR,160,185,BSA,EKVLTSSAR,186.0,194.0,[K180-K187],,4
188,Protein state 1 - 20(1),Data\BSAXlink2.mzML,3,4032,Accepted,42.6839625117695,2.90128648783159e-19,1.66923028573385e-21,3.49651252395944e-08,46.0036,4.93,4.27,6.04,Cross-linked,Intra,Bound,14.2105,14.2678,1368,570556.74,19910815.45,4,1062.01658,BSA,YNGVFQECCQAEDKGACLLPKIETMR,160,185,BSA,EKVLTSSAR,186.0,194.0,[K180-K187],,4
189,Protein state 1 - 20(1),Data\BSAXlink2.mzML,4,4024,Accepted,19.833452354225603,2.43467549988772e-09,1.80655676311758e-05,3.04530324800049e-15,22.9294,2.83,0.73,2.06,Cross-linked plus a dead end,Intra,Bound(+Amidated),18.783,18.8105,2243,63526.22,2861259.81,5,1091.72766,BSA,YNGVFQECCQAEDKGACLLPKIETMR,160,185,BSA,RHPYFYAPELLYYANK,144.0,159.0,[Y160-Y155;K173-Y155;K173-Y156;K180-Y155;K180-Y156],,4
190,Protein state 1 - 20(1),Data\BSAXlink2.mzML,3,4018,Accepted,26.6972921298244,2.54397797064865e-12,0.000426119417785031,2.3733409598563605e-13,25.311,4.75,3.75,8.18,Cross-linked,Intra,Bound,18.6402,18.6912,2221,34478.89,2329859.06,5,1060.70874,BSA,YNGVFQECCQAEDKGACLLPKIETMR,160,185,BSA,RHPYFYAPELLYYANK,144.0,159.0,[Y160-Y155;Y160-Y156;K173-Y155;K173-Y156;K180-Y155;K180-Y156],,4
191,Protein state 1 - 20(1),Data\BSAXlink2.mzML,3,3992,Accepted,32.7458355496812,6.00709244460574e-15,0.000226858211260339,6.12351640501109e-20,37.9699,4.84,4.42,8.98,Cross-linked,Intra,Bound,17.5389,17.4663,2007,550909.6,17827449.14,4,1325.6341,BSA,YNGVFQECCQAEDKGACLLPKIETMR,160,185,BSA,RHPYFYAPELLYYANK,144.0,159.0,[Y160-Y155;Y160-Y156;K173-Y155;K173-Y156;K180-Y155;K180-Y156],,4
194,Protein state 1 - 20(1),Data\BSAXlink2.mzML,3,3949,Accepted,27.8504808463375,8.02952491610468e-13,0.0038028184682675796,5.593196693950269e-21,28.4639,4.35,3.64,6.81,Cross-linked,Intra,Bound,17.869,17.8699,2081,115783.93,4993331.32,6,884.0918300000001,BSA,YNGVFQECCQAEDKGACLLPKIETMR,160,185,BSA,RHPYFYAPELLYYANK,144.0,159.0,[Y160-Y155;Y160-Y156;K173-Y155;K173-Y156;K180-Y155;K180-Y156],,4
196,Protein state 1 - 20(1),Data\BSAXlink2.mzML,3,2582,Accepted,55.3791561149179,8.89483890247238e-25,1.28733066638367e-24,1.68123745656482e-11,52.86,4.1,3.17,6.33,Cross-linked,Intra,Bound,13.8908,13.8485,1278,890273.6,28802611.49,5,963.8509,BSA,SHCIAEVEKDAIPENLPPLTADFAEDKDVCK,286,316,BSA,CCTKPESER,436.0,444.0,[K294-T438;K294-K439],,4
197,Protein state 1 - 20(1),Data\BSAXlink2.mzML,4,5886,Accepted,27.3930141822189,1.2687179897165701e-12,5.1287540773024306e-15,4.4923794922884e-12,21.9232,4.97,4.05,5.0,Cross-linked plus a dead end,Intra,Bound(+Hydrolysed),13.0634,13.0424,1108,103560.16,2999492.76,5,672.15764,BSA,LCVLHEKTPVSEKVTK,459,474,BSA,CASIQKFGER,199.0,208.0,[K465-S201;K465-K204;T466-S201;T466-K204],,4
200,Protein state 1 - 20(1),Data\BSAXlink2.mzML,3,5863,Accepted,26.9880017342345,1.9022157324534603e-12,2.58199599888615e-08,6.29024849162113e-10,26.7781,3.09,3.94,7.21,Cross-linked,Intra,Bound,13.7394,13.7113,1247,95480.44,3067176.58,5,732.38972,BSA,RPCFSALTPDETYVPK,484,499,BSA,KVPQVSTPTLVEVSR,413.0,427.0,[S488-K413;T491-K413],,4
203,Protein state 1 - 20(1),Data\BSAXlink2.mzML,4,3170,Accepted,16.7446197771554,5.3444624393338e-08,3.07395504143547e-09,2.8725524858879102e-08,15.7513,3.25,4.91,7.33,Cross-linked plus a dead end,Intra,Bound(+Hydrolysed),18.0246,18.0539,2115,70892.97,3792303.71,7,919.02526,BSA,RHPYFYAPELLYYANKYNGVFQECCQAEDK,144,173,BSA,GACLLPKIETMREKVLTSSAR,174.0,194.0,[Y155-K180;Y155-T183;Y155-K187;Y156-K180;Y156-T183;Y156-K187;K159-K180;K159-T183;K159-K187;Y160-K180;Y160-T183;Y160-K187],,4
206,Protein state 1 - 20(1),Data\BSAXlink2.mzML,3,4077,Accepted,35.1224870394498,5.57824632573341e-16,8.396396181766551e-15,4.67381240162966e-10,38.18,4.21,3.69,1.95,Cross-linked,Intra,Bound,13.6526,13.6805,1242,42688.8,1831909.9,5,885.0017300000001,BSA,YNGVFQECCQAEDKGACLLPKIETMR,160,185,BSA,CCTKPESER,436.0,444.0,[K180-T438;K180-K439],,4
207,Protein state 1 - 20(1),Data\BSAXlink2.mzML,3,4074,Accepted,27.640987821668897,9.900827972741908e-13,0.000254388702424446,3.7267993016184293e-19,31.5885,4.86,3.91,4.96,Cross-linked,Intra,Bound,16.7044,16.6653,1865,222540.99,7680876.1,5,1063.90772,BSA,YNGVFQECCQAEDKGACLLPKIETMR,160,185,BSA,RHPYFYAPELLYYANK,144.0,159.0,[K173-Y155;K173-Y156;K180-Y155;K180-Y156],,4
208,Protein state 1 - 20(1),Data\BSAXlink2.mzML,3,6066,Accepted,23.737475718623198,4.90846028136807e-11,2.4738494186493696e-07,9.51219711695636e-09,24.5314,4.23,3.47,6.26,Cross-linked,Inter,Bound,13.2868,13.2665,1149,665989.01,18279794.08,4,739.12537,DECOY_BSA,KACCEELTAEYEKAL,348,362,BSA,ALKAWSVAR,209.0,217.0,[Y358-K211;K360-K211],,4
209,Protein state 1 - 20(1),Data\BSAXlink2.mzML,4,6063,Accepted,18.620454412861896,8.18916078273783e-09,0.082236698533979,1.17691641357927e-15,20.8145,4.18,0.74,1.11,Cross-linked plus a dead end,Inter,Bound(+Amidated),12.3794,12.4257,979,18564.51,490872.59,4,894.179,DECOY_BSA,KACCEELTAEYEKAL,348,362,BSA,VTKCCTESLVNR,472.0,483.0,[T355-K474;Y358-T473;Y358-K474;K360-T473;K360-K474],,4
210,Protein state 1 - 20(1),Data\BSAXlink2.mzML,3,6062,Accepted,39.4422676939762,7.420630153467909e-18,2.5465902846294302e-14,2.63364280302534e-09,45.3726,2.09,3.12,8.44,Cross-linked,Intra,Bound,14.2035,14.2709,1369,441725.85,20071018.78,4,937.6860800000001,BSA,LAKEYEATLEECCAK,348,362,BSA,DDPHACYSTVFDKLK,363.0,377.0,[K350-T371;K350-K375;Y352-K375],,4
213,Protein state 1 - 20(1),Data\BSAXlink2.mzML,3,6060,Accepted,60.6356101752043,4.63755522229394e-27,1.4319706719051098e-21,1.3378195072918502e-14,61.3688,4.21,3.64,3.7,Cross-linked,Intra,Bound,11.3166,11.2907,776,90573.96,1642456.45,4,736.62828,BSA,KVPQVSTPTLVEVSR,413,427,BSA,CCTKPESER,436.0,444.0,[K413-T438;K413-K439],,4
214,Protein state 1 - 20(1),Data\BSAXlink2.mzML,4,6058,Accepted,38.131257915993295,2.75299294887393e-17,8.327883772671459e-11,3.12454836288451e-10,33.6297,2.41,2.53,6.43,Cross-linked plus a dead end,Intra,Bound(+Amidated),13.9986,14.04,1320,45258.98,1423770.04,3,1011.90049,BSA,LSQKFPKAEFVEVTK,218,232,BSA,EKVLTSSAR,186.0,194.0,[K221-K187;K224-K187],,4
215,Protein state 1 - 20(1),Data\BSAXlink2.mzML,4,6027,Accepted,27.9768164356773,7.07657315761378e-13,3.1395581451344e-13,5.8798260600802e-11,30.9137,1.32,1.65,2.23,Cross-linked plus a dead end,Intra,Bound(+Hydrolysed),14.2886,14.2774,1371,231905.85,6331223.35,4,894.9789999999999,BSA,LSQKFPKAEFVEVTK,218,232,BSA,LKECCDKPLLEK,274.0,285.0,[K221-K275;K224-K275],,4
216,Protein state 1 - 20(1),Data\BSAXlink2.mzML,3,6026,Accepted,46.9102297416487,4.2378548568344894e-21,2.0812309911090402e-17,2.23141509414438e-13,43.8184,3.02,3.4,3.32,Cross-linked,Intra,Bound,12.4127,12.3928,972,107589.34,3886201.57,4,811.6823099999999,BSA,KVPQVSTPTLVEVSR,413,427,BSA,VTKCCTESLVNR,472.0,483.0,[K413-K474],,4
217,Protein state 1 - 20(1),Data\BSAXlink2.mzML,3,6025,Accepted,48.0863059530384,1.30732230044154e-21,4.748643161332269e-20,3.29490188503587e-08,53.217,0.43,1.2,2.59,Cross-linked,Intra,Bound,12.3113,12.295,950,445729.85,9491152.5,4,649.37732,BSA,KVPQVSTPTLVEVSR,413,427,BSA,SLGKVGTR,428.0,435.0,[K413-K431],,4
218,Protein state 1 - 20(1),Data\BSAXlink2.mzML,4,6018,Accepted,26.073845404333703,4.7453999232365094e-12,1.25104795587777e-11,2.2699140113304397e-09,21.3013,2.58,0.46,0.77,Cross-linked plus a dead end,Inter,Bound(+Amidated),14.2111,14.3039,1377,839383.07,25747714.94,5,715.98786,BSA,LSQKFPKAEFVEVTK,218,232,DECOY_BSA,KELLPKDCCEKL,274.0,285.0,[K221-K279;K221-K284;K224-K279;K224-K284],,4
219,Protein state 1 - 20(1),Data\BSAXlink2.mzML,4,6018,Accepted,18.8489562830419,6.51631840016054e-09,1.2983575152956199e-11,6.986484506939329e-09,15.1895,2.84,2.29,7.19,Cross-linked plus a dead end,Inter,Bound(+Amidated),13.7421,13.7273,1251,114903.82,3029189.97,5,715.98786,BSA,LSQKFPKAEFVEVTK,218,232,DECOY_BSA,KELLPKDCCEKL,274.0,285.0,[K221-K284;K224-K279;K224-K284],,4
220,Protein state 1 - 20(1),Data\BSAXlink2.mzML,3,6015,Accepted,54.2816908150664,2.6653927411319198e-24,2.8544407942182395e-14,2.0498467165992398e-13,56.0113,1.87,0.88,4.64,Cross-linked,Intra,Bound,11.6186,11.6907,850,1165409.76,40335166.23,3,1140.20471,BSA,LAKEYEATLEECCAK,348,362,BSA,VTKCCTESLVNR,472.0,483.0,[K350-K474;Y352-K474],,4
221,Protein state 1 - 20(1),Data\BSAXlink2.mzML,4,6012,Accepted,17.1046375317494,3.72863871844465e-08,0.00319181686205106,3.12454836288451e-10,19.2094,2.41,2.53,6.43,Cross-linked plus a dead end,Inter,Bound(+Amidated),13.9986,14.04,1320,45258.98,1423770.04,3,1011.90049,DECOY_BSA,KTVEVFEAKPFKQSL,218,232,BSA,EKVLTSSAR,186.0,194.0,[K226-K187;K229-K187;S231-K187],,4
223,Protein state 1 - 20(1),Data\BSAXlink2.mzML,4,6008,Accepted,15.3819008152846,2.08797529003038e-07,0.00679464196918389,1.08530320987797e-12,17.7032,2.58,0.46,0.77,Cross-linked plus a dead end,Inter,Bound(+Amidated),14.2111,14.3039,1377,839383.07,25747714.94,5,715.98786,DECOY_BSA,KTVEVFEAKPFKQSL,218,232,BSA,LKECCDKPLLEK,274.0,285.0,[K226-K275;K229-K275;S231-K275],,4
224,Protein state 1 - 20(1),Data\BSAXlink2.mzML,3,6006,Accepted,49.5957062542676,2.88973785847853e-22,1.730400059186e-21,3.0604630829600397e-08,53.7969,0.88,1.26,2.7,Cross-linked,Intra,Bound,12.3197,12.308,954,183248.67,3727672.26,3,865.5006699999999,BSA,KVPQVSTPTLVEVSR,413,427,BSA,SLGKVGTR,428.0,435.0,[K413-K431],,4
225,Protein state 1 - 20(1),Data\BSAXlink2.mzML,3,5998,Accepted,58.258587625883706,4.99593605010125e-26,4.84792716224791e-20,5.17727607821406e-14,59.0275,3.18,2.75,4.33,Cross-linked,Intra,Bound,12.4038,12.4201,978,30735.28,1017781.04,3,1081.90732,BSA,KVPQVSTPTLVEVSR,413,427,BSA,VTKCCTESLVNR,472.0,483.0,[K413-K474],,4
226,Protein state 1 - 20(1),Data\BSAXlink2.mzML,4,5994,Accepted,27.402105086269003,1.25723646400346e-12,3.1395581451344e-13,2.52895744519578e-09,22.5595,1.32,1.65,2.23,Cross-linked plus a dead end,Inter,Bound(+Hydrolysed),14.2886,14.2774,1371,231905.85,6331223.35,4,894.9789999999999,BSA,LSQKFPKAEFVEVTK,218,232,DECOY_BSA,KELLPKDCCEKL,274.0,285.0,[K221-K284;K224-K284],,4
227,Protein state 1 - 20(1),Data\BSAXlink2.mzML,4,5993,Accepted,26.611353561019897,2.77227298220712e-12,1.25104795587777e-11,1.08530320987797e-12,34.5944,2.58,0.46,0.77,Cross-linked plus a dead end,Intra,Bound(+Amidated),14.2111,14.3039,1377,839383.07,25747714.94,5,715.98786,BSA,LSQKFPKAEFVEVTK,218,232,BSA,LKECCDKPLLEK,274.0,285.0,[K221-K275;K224-K275],,4
228,Protein state 1 - 20(1),Data\BSAXlink2.mzML,4,5993,Accepted,17.7694392607024,1.9179204176718302e-08,1.2983575152956199e-11,3.2665696450223e-10,21.8111,2.84,2.29,7.19,Cross-linked plus a dead end,Intra,Bound(+Amidated),13.7421,13.7273,1251,114903.82,3029189.97,5,715.98786,BSA,LSQKFPKAEFVEVTK,218,232,BSA,LKECCDKPLLEK,274.0,285.0,[K224-K275],,4
229,Protein state 1 - 20(1),Data\BSAXlink2.mzML,3,5992,Accepted,64.3557288276,1.1237303001941697e-28,1.16437277181008e-17,1.86459808333035e-15,66.0985,4.43,3.35,6.0,Cross-linked,Intra,Bound,10.3282,10.3618,633,23981.28,444634.27,4,780.35132,BSA,LAKEYEATLEECCAK,348,362,BSA,CCTKPESER,436.0,444.0,[K350-T438;K350-K439;Y352-T438;Y352-K439],,4
238,Protein state 1 - 20(1),Data\BSAXlink2.mzML,4,2187,Accepted,15.8961572326261,1.24849449112396e-07,4.27551631687531e-19,1.70075304173345e-06,14.6218,3.02,3.4,3.5,Cross-linked plus a dead end,Intra,Bound(+Amidated),13.9039,13.8941,1287,101906.21,4667884.88,6,868.93296,BSA,QEPERNECFLSHKDDSPDLPKLKPDPNTLCDEFK,94,127,BSA,SLGKVGTR,428.0,435.0,[S109-S428;S109-K431;K114-S428;K114-K431;K114-T434;K116-S428;K116-K431;K116-T434],,4
240,Protein state 1 - 20(1),Data\BSAXlink2.mzML,3,6670,Accepted,40.4750852530509,2.64176279799662e-18,2.0987730462065e-14,2.03614074945055e-08,47.1891,3.91,3.3,5.45,Cross-linked,Intra,Bound,8.0437,8.0489,393,68592.08,990721.42,4,531.0161099999999,BSA,CCTKPESER,436,444,BSA,SLGKVGTR,428.0,435.0,[T438-K431;K439-K431],,4
241,Protein state 1 - 20(1),Data\BSAXlink2.mzML,3,6666,Accepted,49.7677495432454,2.43299376866248e-22,4.1611945344197795e-08,1.4573528799458398e-18,55.797,3.83,3.43,4.81,Cross-linked,Intra,Bound,8.0441,8.0449,392,60907.36,1035635.44,3,765.37532,BSA,EKVLTSSAR,186,194,BSA,CCTKPESER,436.0,444.0,[K187-K439],,4
242,Protein state 1 - 20(1),Data\BSAXlink2.mzML,3,6626,Accepted,46.0211445669308,1.03102895904741e-20,8.95282934500696e-11,3.1500940614500096e-14,45.8963,2.78,3.77,4.6,Cross-linked,Intra,Bound,9.6262,9.6736,551,6445.59,93520.12,5,516.86262,BSA,FKDLGEEHFK,11,20,BSA,DTHKSEIAHR,1.0,10.0,[K12-K4;K12-S5],,4
250,Protein state 1 - 20(1),Data\BSAXlink2.mzML,3,6575,Accepted,29.5620656530515,1.4499666495695e-13,9.40718899112172e-11,3.59918788266851e-06,37.5032,4.12,4.47,6.67,Cross-linked,Intra,Bound,14.9688,14.9549,1518,61649.5,1758551.31,4,629.8448,BSA,GACLLPKIETMR,174,185,BSA,EKVLTSSAR,186.0,194.0,[K180-K187],,4
251,Protein state 1 - 20(1),Data\BSAXlink2.mzML,3,6575,Accepted,26.2189990591814,4.1042460375727504e-12,9.331270745326892e-09,6.47556062576633e-06,35.1094,4.35,5.11,6.67,Cross-linked,Intra,Bound,14.6209,14.6513,1452,67862.76,2186282.33,4,629.8448,BSA,GACLLPKIETMR,174,185,BSA,EKVLTSSAR,186.0,194.0,[K180-K187],,4
252,Protein state 1 - 20(1),Data\BSAXlink2.mzML,3,6575,Accepted,31.4145332788563,2.27426750119514e-14,4.54463643885243e-12,9.99098203687379e-06,40.1419,3.22,3.55,5.08,Cross-linked,Intra,Bound,14.1564,14.1472,1341,92525.58,2563522.75,4,629.8448,BSA,GACLLPKIETMR,174,185,BSA,EKVLTSSAR,186.0,194.0,[K180-K187],,4
253,Protein state 1 - 20(1),Data\BSAXlink2.mzML,3,6575,Accepted,26.7151619448218,2.4989213308537997e-12,5.52688060777854e-10,1.1937667837578698e-05,34.5416,4.2,3.86,6.67,Cross-linked,Intra,Bound,13.9287,13.8795,1284,192845.37,4921252.89,4,629.8448,BSA,GACLLPKIETMR,174,185,BSA,EKVLTSSAR,186.0,194.0,[K180-K187],,4
254,Protein state 1 - 20(1),Data\BSAXlink2.mzML,3,6575,Accepted,27.6181383324022,1.01296612408364e-12,4.3209994876155e-12,1.33509274824473e-06,34.3813,4.45,2.86,6.67,Cross-linked,Intra,Bound,13.2958,13.2503,1146,8564360.15,219969039.87,4,629.8448,BSA,GACLLPKIETMR,174,185,BSA,EKVLTSSAR,186.0,194.0,[K180-K187],,4
255,Protein state 1 - 20(1),Data\BSAXlink2.mzML,3,6572,Accepted,45.4863661407807,1.7600385621107598e-20,3.13682623497219e-15,1.02880234334414e-07,54.6386,2.47,1.78,3.21,Cross-linked,Intra,Bound,13.2954,13.3186,1161,2340732.15,77599692.5,3,839.45731,BSA,GACLLPKIETMR,174,185,BSA,EKVLTSSAR,186.0,194.0,[K180-K187],,4
257,Protein state 1 - 20(1),Data\BSAXlink2.mzML,4,6568,Accepted,27.666395165542603,9.652442994662909e-13,1.36360922372774e-08,2.02931087130415e-11,34.8601,4.64,4.66,6.79,Cross-linked plus a dead end,Intra,Bound(+Hydrolysed),15.0502,15.0447,1536,187119.12,4643926.02,4,668.86446,BSA,GACLLPKIETMR,174,185,BSA,EKVLTSSAR,186.0,194.0,[K180-K187],,4
258,Protein state 1 - 20(1),Data\BSAXlink2.mzML,4,6564,Accepted,22.1328410779383,2.44247007239548e-10,1.36360922372774e-08,6.73367562320175e-06,26.2412,4.64,4.61,6.79,Cross-linked plus a dead end,Inter,Bound(+Hydrolysed),15.0502,15.0447,1536,187119.12,4643926.02,4,668.86446,BSA,GACLLPKIETMR,174,185,DECOY_BSA,RASSTLVKE,186.0,194.0,[K180-K193],,4
259,Protein state 1 - 20(1),Data\BSAXlink2.mzML,3,6561,Accepted,36.822014317935704,1.01953553930532e-16,1.5334028110647502e-14,8.851484476522132e-08,40.8253,3.8,3.14,2.74,Cross-linked,Intra,Bound,11.2655,11.2267,762,569182.81,12892667.74,4,700.5950799999999,BSA,VTKCCTESLVNR,472,483,BSA,CASIQKFGER,199.0,208.0,[K474-S201;K474-K204],,4
260,Protein state 1 - 20(1),Data\BSAXlink2.mzML,3,6558,Accepted,34.60052087275999,9.401230783735069e-16,2.4512075890508202e-09,3.95293892452309e-08,33.7916,1.48,1.98,6.11,Cross-linked,Intra,Bound,10.4951,10.622,671,5636.58,106564.49,5,532.88574,BSA,LKECCDKPLLEK,274,285,BSA,EKVLTSSAR,186.0,194.0,[K280-K187],,4
261,Protein state 1 - 20(1),Data\BSAXlink2.mzML,3,6557,Accepted,31.8735239870607,1.43715765869785e-14,6.205380503741109e-14,0.002533481614027,32.4227,3.23,2.96,5.06,Cross-linked,Intra,Bound,10.4817,10.5411,662,160954.94,2585637.53,3,755.38018,BSA,VTKCCTESLVNR,472,483,BSA,TPVSEK,466.0,471.0,[K474-S469],,4
263,Protein state 1 - 20(1),Data\BSAXlink2.mzML,3,6552,Accepted,24.761578442543502,1.76271913588209e-11,5.01950437215015e-07,1.5789269021302e-11,35.5601,2.72,2.99,5.44,Cross-linked,Intra,Bound,12.0695,12.0888,911,52702.63,1100780.47,5,549.2760099999999,BSA,LKECCDKPLLEK,274,285,BSA,SHCIAEVEK,286.0,294.0,[K280-S286],,4
264,Protein state 1 - 20(1),Data\BSAXlink2.mzML,3,6548,Accepted,31.474706233972302,2.14145406504161e-14,9.110203818029999e-12,1.28701343804494e-07,31.4747,1.99,2.31,6.97,Cross-linked,Inter,Bound,10.5347,10.5642,666,14255.45,183874.4,4,665.85536,BSA,LKECCDKPLLEK,274,285,DECOY_BSA,RASSTLVKE,186.0,194.0,[K280-K193],,4
266,Protein state 1 - 20(1),Data\BSAXlink2.mzML,3,6661,Accepted,34.5035653543289,1.0358382896493699e-15,8.710246738575711e-15,2.7893984574145502e-05,36.0326,3.63,3.55,4.17,Cross-linked,Intra,Bound,8.6962,8.6695,453,27954.43,251098.2,4,538.51975,BSA,CCTKPESER,436,444,BSA,LSQKFPK,218.0,224.0,[T438-K221;K439-K221],,4
267,Protein state 1 - 20(1),Data\BSAXlink2.mzML,4,6658,Accepted,19.7577115245831,2.6262430120471498e-09,1.2983180086578698e-09,1.2983180086578698e-09,19.448,3.06,1.25,6.7,Cross-linked plus a dead end,Intra,Bound(+Amidated),9.9672,9.9047,576,944331.98,12701902.02,3,817.07352,BSA,EKVLTSSAR,186,194,BSA,CCTKPESER,436.0,444.0,[K187-T438;K187-K439],,4
268,Protein state 1 - 20(1),Data\BSAXlink2.mzML,3,6655,Accepted,32.1012402605734,1.14448075073945e-14,8.993052939263859e-08,8.993052939263859e-08,36.1562,3.23,2.96,5.06,Cross-linked,Intra,Bound,10.4817,10.5411,662,160954.94,2585637.53,3,755.38018,BSA,CCTESLVNR,475,483,BSA,TPVSEKVTK,466.0,474.0,[T477-K471],,4
269,Protein state 1 - 20(1),Data\BSAXlink2.mzML,3,6648,Accepted,28.2944003073985,5.15107742495691e-13,7.061190324128541e-07,4.01324728839068e-07,30.8472,0.66,2.9,2.51,Cross-linked,Intra,Bound,12.3603,12.4087,976,23884.43,710123.31,3,764.78608,BSA,LVTDLTKVHK,233,242,BSA,ALKAWSVAR,209.0,217.0,[T238-K211;K239-K211],,4
271,Protein state 1 - 20(1),Data\BSAXlink2.mzML,3,6046,Accepted,24.129946118281,3.31510701329417e-11,2.0,6.32004415009285e-15,19.9711,3.18,2.75,5.25,Cross-linked,Inter,Bound,12.4038,12.4706,987,30735.28,1017781.04,3,1081.90732,DECOY_BSA,RSVEVLTPTSVQPVK,413,427,BSA,VTKCCTESLVNR,472.0,483.0,[S414-K474;T419-K474;T421-K474;S422-K474],,4
272,Protein state 1 - 20(1),Data\BSAXlink2.mzML,3,6044,Accepted,23.7341548887956,4.92478753769369e-11,0.00011166866953427099,1.11557333214544e-11,25.2185,3.56,0.73,4.27,Cross-linked,Inter,Bound,11.6191,11.6808,849,4031626.72,102791971.56,4,855.40535,DECOY_BSA,KACCEELTAEYEKAL,348,362,BSA,VTKCCTESLVNR,472.0,483.0,[Y358-K474;K360-K474],,4
273,Protein state 1 - 20(1),Data\BSAXlink2.mzML,3,6043,Accepted,29.2313582901791,2.0182845516268103e-13,0.000235091984033819,2.0498467165992398e-13,29.9786,1.87,0.88,4.64,Cross-linked,Inter,Bound,11.6186,11.6907,850,1165409.76,40335166.23,3,1140.20471,DECOY_BSA,KACCEELTAEYEKAL,348,362,BSA,VTKCCTESLVNR,472.0,483.0,[T355-K474;Y358-K474;K360-K474],,4
274,Protein state 1 - 20(1),Data\BSAXlink2.mzML,4,6042,Accepted,44.936048915479,3.05156002786611e-20,1.5491269352957098e-14,1.17691641357927e-15,48.2072,4.18,0.74,1.11,Cross-linked plus a dead end,Intra,Bound(+Amidated),12.3794,12.4257,979,18564.51,490872.59,4,894.179,BSA,LAKEYEATLEECCAK,348,362,BSA,VTKCCTESLVNR,472.0,483.0,[K350-K474;Y352-K474],,4
275,Protein state 1 - 20(1),Data\BSAXlink2.mzML,4,5498,Accepted,17.811404037194702,1.83910070848556e-08,3.23830561864908e-17,0.00965490822838033,13.0644,4.18,4.35,3.39,Cross-linked plus a dead end,Intra,Bound(+Amidated),10.5909,10.5214,659,79318.58,1219144.39,5,617.9509099999999,BSA,YTRKVPQVSTPTLVEVSR,410,427,BSA,VLTSSAR,188.0,194.0,[Y410-T190;Y410-S191;Y410-S192;T411-T190;T411-S191;T411-S192;K413-T190;K413-S191;K413-S192],,4
285,Protein state 1 - 20(1),Data\BSAXlink2.mzML,3,5238,Accepted,31.0266391486598,3.3519831416175496e-14,5.5194892124798896e-11,2.04514929848505e-08,35.6748,2.79,2.79,3.2,Cross-linked,Intra,Bound,12.8901,12.9742,1097,61338.76,1952154.34,4,1167.06927,BSA,LKECCDKPLLEKSHCIAEVEK,274,294,BSA,ADLAKYICDNQDTISSK,257.0,273.0,[K280-K261;K280-Y262;K285-K261;K285-Y262;S286-K261;S286-Y262],,4
286,Protein state 1 - 20(1),Data\BSAXlink2.mzML,3,5212,Accepted,53.6108487294401,5.21319808020078e-24,7.65989506928152e-17,1.5342006870176798e-16,53.9402,4.98,2.26,7.63,Cross-linked,Intra,Bound,12.8913,12.9098,1082,157592.02,6850217.25,5,933.85687,BSA,LKECCDKPLLEKSHCIAEVEK,274,294,BSA,ADLAKYICDNQDTISSK,257.0,273.0,[K285-K261;K285-Y262;S286-K261;S286-Y262],,4
290,Protein state 1 - 20(1),Data\BSAXlink2.mzML,3,5067,Accepted,33.8947350417947,1.90416073627032e-15,8.607346110060829e-11,1.03425211158821e-10,39.5297,2.4,4.29,4.53,Cross-linked,Intra,Bound,16.7244,16.7524,1881,26103.26,874073.03,5,756.39897,BSA,AFDEKLFTFHADICTLPDTEK,500,520,BSA,KQTALVELLK,524.0,533.0,[K504-K524;T507-K524],,4
291,Protein state 1 - 20(1),Data\BSAXlink2.mzML,3,6529,Accepted,22.682372197972498,1.40984353756645e-10,1.89411131783245e-09,3.34610479379993e-06,26.8735,4.49,4.0,2.43,Cross-linked,Intra,Bound,12.4982,12.4654,986,246611.11,5037074.52,3,844.78894,BSA,GACLLPKIETMR,174,185,BSA,EKVLTSSAR,186.0,194.0,[K180-K187],,4
292,Protein state 1 - 20(1),Data\BSAXlink2.mzML,3,6524,Accepted,38.702568221811205,1.55484888226814e-17,1.3785479590003e-15,7.157808299630481e-08,43.2171,3.67,3.78,4.09,Cross-linked,Intra,Bound,13.5438,13.4794,1196,483008.44,10563224.2,4,586.5776,BSA,GACLLPKIETMR,174,185,BSA,SLGKVGTR,428.0,435.0,[K180-K431],,4
293,Protein state 1 - 20(1),Data\BSAXlink2.mzML,3,6520,Accepted,25.075776550073105,1.28744479228965e-11,4.54463643885243e-12,0.0255642723497054,30.2664,3.22,3.55,5.08,Cross-linked,Inter,Bound,14.1564,14.1472,1341,92525.58,2563522.75,4,629.8448,BSA,GACLLPKIETMR,174,185,DECOY_BSA,RASSTLVKE,186.0,194.0,[K180-K193],,4
298,Protein state 1 - 20(1),Data\BSAXlink2.mzML,3,5738,Accepted,27.121092502466603,1.66517231981575e-12,4.58891276592875e-08,4.3671559515536497e-07,34.9878,1.26,3.66,3.04,Cross-linked,Intra,Bound,13.1199,13.1485,1127,58434.24,1241171.72,4,832.90647,BSA,ADLAKYICDNQDTISSK,257,273,BSA,FKDLGEEHFK,11.0,20.0,[K261-K12;Y262-K12],,4
299,Protein state 1 - 20(1),Data\BSAXlink2.mzML,3,5733,Accepted,34.0032308284371,1.7083800229216798e-15,1.93767444430458e-11,1.20547757887573e-10,42.2288,3.0,2.95,7.18,Cross-linked,Intra,Bound,10.329,10.3799,636,12537.57,216591.68,4,867.37177,BSA,ETYGDMADCCEKQEPER,82,98,BSA,CASIQKFGER,199.0,208.0,[Y84-S201;Y84-K204;K93-S201;K93-K204],,4
300,Protein state 1 - 20(1),Data\BSAXlink2.mzML,4,5732,Accepted,23.571503262801105,5.7946365683616896e-11,1.28900827684137e-14,2.4207551074795203e-08,20.8833,1.8,1.8,0.11,Cross-linked plus a dead end,Intra,Bound(+Amidated),12.49,12.4817,989,65298.59,1569099.59,4,857.6753699999999,BSA,ADLAKYICDNQDTISSK,257,273,BSA,DTHKSEIAHR,1.0,10.0,[K261-D1;K261-T2;K261-K4;K261-S5;Y262-K4;Y262-S5],,4
301,Protein state 1 - 20(1),Data\BSAXlink2.mzML,3,6642,Accepted,26.525860861417303,3.0197083519192203e-12,7.67654351196967e-08,3.6396835123928704e-08,29.1995,1.33,1.55,3.13,Cross-linked,Intra,Bound,12.3785,12.4047,975,43674.91,717463.52,5,459.27455999999995,BSA,LVTDLTKVHK,233,242,BSA,ALKAWSVAR,209.0,217.0,[T238-K211;K239-K211],,4
303,Protein state 1 - 20(1),Data\BSAXlink2.mzML,3,6637,Accepted,26.956676624938602,1.96274595653057e-12,9.71262525961691e-09,4.8226149476549794e-09,26.2302,2.65,1.71,0.67,Cross-linked,Intra,Bound,12.3661,12.3965,973,46576.05,881164.06,4,573.84138,BSA,LVTDLTKVHK,233,242,BSA,ALKAWSVAR,209.0,217.0,[T238-K211;K239-K211],,4
316,Protein state 1 - 20(1),Data\BSAXlink2.mzML,4,3447,Accepted,43.105252396588405,1.9038237623583198e-19,5.274006982205949e-25,4.30832531872483e-08,41.2603,3.47,2.61,3.14,Cross-linked plus a dead end,Intra,Bound(+Hydrolysed),14.9538,14.9438,1516,67825.2,2409778.07,4,1143.3174099999999,BSA,NECFLSHKDDSPDLPKLKPDPNTLCDEFK,99,127,BSA,SLGKVGTR,428.0,435.0,[S109-K431;K114-K431;K116-K431],,4
317,Protein state 1 - 20(1),Data\BSAXlink2.mzML,4,3410,Accepted,41.2885564602653,1.1711371661058499e-18,1.00488835983164e-23,8.90262315455861e-08,42.611000000000004,4.63,4.05,7.37,Cross-linked plus a dead end,Intra,Bound(+Amidated),13.5539,13.6134,1224,1727886.16,60490813.17,6,780.23325,BSA,LVTDLTKVHKECCHGDLLECADDRADLAK,233,261,BSA,ALKAWSVAR,209.0,217.0,[T235-K211;T238-K211;K239-K211;K242-K211],,4
326,Protein state 1 - 20(1),Data\BSAXlink2.mzML,4,6693,Accepted,36.9838229932954,8.672209369809059e-17,1.4594243730969298e-18,2.25389613195404e-07,42.0246,0.32,0.43,4.05,Cross-linked plus a dead end,Intra,Bound(+Amidated),10.456,10.437000000000001,645,41879.44,557919.23,3,759.38392,BSA,CCTKPESER,436,444,BSA,SLGKVGTR,428.0,435.0,[K439-K431],,4
327,Protein state 1 - 20(1),Data\BSAXlink2.mzML,4,2087,Accepted,32.203156438678896,1.0335865727876e-14,3.6581528211723896e-22,2.03558574480844e-05,29.8298,4.53,4.87,5.85,Cross-linked plus a dead end,Intra,Bound(+Hydrolysed),14.4492,14.4848,1417,102591.67,3671565.35,5,1042.7149,BSA,QEPERNECFLSHKDDSPDLPKLKPDPNTLCDEFK,94,127,BSA,SLGKVGTR,428.0,435.0,[S109-K431;K114-S428;K114-K431;K114-T434;K116-S428;K116-K431;K116-T434],,4
330,Protein state 1 - 20(1),Data\BSAXlink2.mzML,4,3358,Accepted,17.9070125746478,1.67141098233643e-08,1.32915730375826e-08,2.04638074750215e-09,18.5728,2.38,4.82,7.55,Cross-linked plus a dead end,Intra,Bound(+Amidated),17.8698,17.8699,2081,116853.95,5040408.92,6,883.9240800000001,BSA,HPYFYAPELLYYANKYNGVFQECCQAEDK,145,173,BSA,GACLLPKIETMR,174.0,185.0,[Y147-K180;Y149-K180;Y155-K180;Y155-T183;Y156-K180;Y156-T183;K159-K180;K159-T183;Y160-K180;Y160-T183],,4
331,Protein state 1 - 20(1),Data\BSAXlink2.mzML,4,3356,Accepted,36.8037924528523,1.03828367257549e-16,6.138496539436989e-19,7.86705292550494e-08,37.6937,3.78,3.1,7.01,Cross-linked plus a dead end,Intra,Bound(+Amidated),13.5532,13.6191,1226,906445.99,40997752.59,5,936.07844,BSA,LVTDLTKVHKECCHGDLLECADDRADLAK,233,261,BSA,ALKAWSVAR,209.0,217.0,[T238-K211;K239-K211;K242-K211],,4
332,Protein state 1 - 20(1),Data\BSAXlink2.mzML,3,6520,Accepted,25.0323294586019,1.34461343703114e-11,4.3209994876155e-12,0.00161620177301436,28.7999,4.45,2.86,6.67,Cross-linked,Inter,Bound,13.2958,13.2503,1146,8564360.15,219969039.87,4,629.8448,BSA,GACLLPKIETMR,174,185,DECOY_BSA,RASSTLVKE,186.0,194.0,[K180-K193],,4
335,Protein state 1 - 20(1),Data\BSAXlink2.mzML,3,6481,Accepted,44.1582084788309,6.642533095662349e-20,8.863166006244381e-14,3.96392286155729e-13,47.1909,3.7,3.44,5.11,Cross-linked,Intra,Bound,12.5165,12.5252,997,115332.59,2879605.12,4,673.8285599999999,BSA,GACLLPKIETMR,174,185,BSA,CCTKPESER,436.0,444.0,[K180-T438;K180-K439],,4
336,Protein state 1 - 20(1),Data\BSAXlink2.mzML,3,6473,Accepted,34.3767208802428,1.1759255206237099e-15,9.110203818029999e-12,1.26317295505457e-07,34.2878,1.99,2.31,6.97,Cross-linked,Intra,Bound,10.5347,10.5642,666,14255.45,183874.4,4,665.85536,BSA,LKECCDKPLLEK,274,285,BSA,EKVLTSSAR,186.0,194.0,[K280-K187],,4
338,Protein state 1 - 20(1),Data\BSAXlink2.mzML,3,4620,Accepted,53.5389206843202,5.601988071668549e-24,3.44105877741023e-22,6.500887233532839e-09,57.656000000000006,4.83,4.31,5.59,Cross-linked,Intra,Bound,14.7052,14.7352,1469,169350.45,7417457.45,5,799.78253,BSA,LVNELTEFAKTCVADESHAGCEK,42,64,BSA,FKDLGEEHFK,11.0,20.0,[T47-K12;K51-K12;T52-K12],,4
339,Protein state 1 - 20(1),Data\BSAXlink2.mzML,4,6087,Accepted,28.447247405273398,4.420968561519289e-13,6.9239111003786705e-15,8.90809277702348e-08,23.5746,4.44,4.1,6.06,Cross-linked plus a dead end,Inter,Bound(+Hydrolysed),14.280999999999999,14.3039,1377,884980.38,25963024.74,5,716.18466,BSA,LSQKFPKAEFVEVTK,218,232,DECOY_BSA,KELLPKDCCEKL,274.0,285.0,[K221-K284;K224-K279;K224-K284],,4
340,Protein state 1 - 20(1),Data\BSAXlink2.mzML,3,6086,Accepted,55.50064899385679,7.877245847158108e-25,5.187501595610399e-21,2.11478270524752e-10,61.8798,3.93,3.77,5.28,Cross-linked,Intra,Bound,13.5475,13.5859,1219,134244.07,2983411.38,4,695.40233,BSA,KVPQVSTPTLVEVSR,413,427,BSA,ALKAWSVAR,209.0,217.0,[K413-K211],,4
342,Protein state 1 - 20(1),Data\BSAXlink2.mzML,3,6082,Accepted,30.849211325644998,4.00274340095817e-14,4.5051547162190806e-14,0.00104416780560446,27.3945,3.56,0.73,4.27,Cross-linked,Inter,Bound,11.6191,11.6808,849,4031626.72,102791971.56,4,855.40535,BSA,LAKEYEATLEECCAK,348,362,DECOY_BSA,RNVLSETCCKTV,472.0,483.0,[K350-K481;K350-T482;Y352-K481;Y352-T482],,4
343,Protein state 1 - 20(1),Data\BSAXlink2.mzML,4,6076,Accepted,21.543043451649602,4.4052961092185303e-10,3.6320220069962397e-09,4.84197290641604e-08,19.7286,2.69,4.81,6.6,Cross-linked plus a dead end,Intra,Bound(+Amidated),13.245999999999999,13.2806,1153,33341.53,1283580.49,5,695.18841,BSA,KVPQVSTPTLVEVSR,413,427,BSA,LCVLHEKTPVSEK,459.0,471.0,[K413-K465;K413-T466;S418-K465;S418-T466;S418-S469;T419-K465;T419-T466;T419-S469;T421-K465;T421-T466],,4
344,Protein state 1 - 20(1),Data\BSAXlink2.mzML,3,6074,Accepted,33.7315416635916,2.2417005037578896e-15,8.94641057329526e-17,5.02429825299799e-07,33.4381,4.18,4.35,8.24,Cross-linked,Intra,Bound,10.5909,10.5556,664,79318.58,1219144.39,5,617.9509099999999,BSA,KVPQVSTPTLVEVSR,413,427,BSA,HKPKATEEQLK,534.0,544.0,[K413-K535;K413-K537;K413-T539],,4
345,Protein state 1 - 20(1),Data\BSAXlink2.mzML,3,6073,Accepted,49.0889274599769,4.79677868770149e-22,2.9671256999846e-15,1.58394060196608e-08,51.5813,3.44,3.23,5.42,Cross-linked,Intra,Bound,12.2872,12.292,949,492738.75,19606817.29,3,1049.83131,BSA,LAKEYEATLEECCAK,348,362,BSA,CASIQKFGER,199.0,208.0,[K350-S201;K350-K204;Y352-S201;Y352-K204],,4
346,Protein state 1 - 20(1),Data\BSAXlink2.mzML,4,6072,Accepted,33.9582772639263,1.7869301203865604e-15,6.9239111003786705e-15,1.08530320987797e-12,39.7085,4.44,4.1,6.06,Cross-linked plus a dead end,Intra,Bound(+Hydrolysed),14.280999999999999,14.3039,1377,884980.38,25963024.74,5,716.18466,BSA,LSQKFPKAEFVEVTK,218,232,BSA,LKECCDKPLLEK,274.0,285.0,[K224-K275],,4
347,Protein state 1 - 20(1),Data\BSAXlink2.mzML,3,6037,Accepted,26.9725235503366,1.93188761844541e-12,5.96287728115606e-09,5.96287728115606e-09,30.7729,3.4,3.25,3.57,Cross-linked,Intra,Bound,14.2031,14.199000000000002,1353,386937.36,12116248.86,5,750.35032,BSA,LAKEYEATLEECCAK,348,362,BSA,DDPHACYSTVFDKLK,363.0,377.0,[K350-S370;K350-T371;K350-K375;Y352-S370;Y352-T371;Y352-K375;T355-T371;T355-K375],,4
348,Protein state 1 - 20(1),Data\BSAXlink2.mzML,3,6036,Accepted,49.3919049910551,3.54297601018224e-22,1.51514049374778e-23,2.39328580036202e-08,43.3161,4.23,3.71,5.93,Cross-linked,Intra,Bound,12.0629,12.0202,898,569399.44,13194311.53,4,692.14689,BSA,KVPQVSTPTLVEVSR,413,427,BSA,TPVSEKVTK,466.0,474.0,[K413-K471],,4
349,Protein state 1 - 20(1),Data\BSAXlink2.mzML,4,6035,Accepted,15.3814196028669,2.0889802914579101e-07,0.116264167451512,1.08530320987797e-12,15.572000000000001,4.44,4.1,6.06,Cross-linked plus a dead end,Inter,Bound(+Hydrolysed),14.280999999999999,14.3039,1377,884980.38,25963024.74,5,716.18466,DECOY_BSA,KTVEVFEAKPFKQSL,218,232,BSA,LKECCDKPLLEK,274.0,285.0,[K226-K275;K229-K275;S231-K275],,4
350,Protein state 1 - 20(1),Data\BSAXlink2.mzML,3,6028,Accepted,57.7509904759885,8.29972134922708e-26,4.3220733656778994e-21,7.92055770968942e-09,56.9346,2.97,2.78,2.42,Cross-linked,Intra,Bound,12.195,12.1299,919,180324.5,4521405.05,3,922.5267699999999,BSA,KVPQVSTPTLVEVSR,413,427,BSA,TPVSEKVTK,466.0,474.0,[K413-S469;K413-K471],,4
352,Protein state 1 - 20(1),Data\BSAXlink2.mzML,4,5485,Accepted,26.0496227184892,4.8617497181957304e-12,2.4317213132007997e-08,2.3529618331130004e-10,27.0599,4.65,4.91,6.69,Cross-linked plus a dead end,Intra,Bound(+Amidated),18.0296,17.9711,2098,86048.29,1973743.06,5,670.9875099999999,BSA,AEFVEVTKLVTDLTKVHK,225,242,BSA,ALKAWSVAR,209.0,217.0,[T231-K211;K232-K211;T235-K211;T238-K211;K239-K211],,4
353,Protein state 1 - 20(1),Data\BSAXlink2.mzML,3,5433,Accepted,43.74978566876371,9.993313217881448e-20,2.61270042802546e-19,6.3128235463084e-09,43.0764,2.67,2.7,4.13,Cross-linked,Intra,Bound,18.217,18.2307,2147,181967.42,3985454.68,4,860.68845,BSA,NYQEAKDAFLGSFLYEYSR,317,335,BSA,ALKAWSVAR,209.0,217.0,[K322-K211],,4
359,Protein state 1 - 20(1),Data\BSAXlink2.mzML,3,4805,Accepted,30.197056567978702,7.683957653835699e-14,3.46384193031249e-10,9.710238628219529e-08,34.1277,2.35,1.87,3.63,Cross-linked,Intra,Bound,11.7402,11.8296,874,16294.17,417349.12,7,536.69405,BSA,VHKECCHGDLLECADDRADLAK,240,261,BSA,ALKAWSVAR,209.0,217.0,[K242-K211],,4
361,Protein state 1 - 20(1),Data\BSAXlink2.mzML,3,4748,Accepted,44.09615089501289,7.06781206728022e-20,9.1322447847069e-16,2.21174873536019e-08,47.8407,2.31,3.63,1.65,Cross-linked,Intra,Bound,11.7372,11.7616,862,156563.81,2646845.07,5,750.96876,BSA,VHKECCHGDLLECADDRADLAK,240,261,BSA,ALKAWSVAR,209.0,217.0,[K242-K211],,4
364,Protein state 1 - 20(1),Data\BSAXlink2.mzML,3,6095,Accepted,23.878681953409,4.2620662143032005e-11,2.9378401752877503e-05,8.41422699806371e-13,26.5473,3.55,3.78,3.79,Cross-linked,Inter,Bound,12.4972,12.4612,985,124408.62,3640139.84,5,664.16949,DECOY_BSA,RSVEVLTPTSVQPVK,413,427,BSA,LCVLHEKTPVSEK,459.0,471.0,[T419-K465;T421-K465;T421-T466;S422-K465;S422-T466],,4
365,Protein state 1 - 20(1),Data\BSAXlink2.mzML,4,6093,Accepted,30.717397957227803,4.5667114226070905e-14,1.5491269352957098e-14,8.741397270957892e-07,33.9234,4.18,0.74,1.11,Cross-linked plus a dead end,Inter,Bound(+Amidated),12.3794,12.4257,979,18564.51,490872.59,4,894.179,BSA,LAKEYEATLEECCAK,348,362,DECOY_BSA,RNVLSETCCKTV,472.0,483.0,[K350-K481;K350-T482;Y352-K481],,4
366,Protein state 1 - 20(1),Data\BSAXlink2.mzML,3,6091,Accepted,47.42809434745689,2.5248776482586e-21,2.2838011912960497e-18,2.6540298297441e-09,56.9954,3.69,2.79,2.3,Cross-linked,Intra,Bound,12.6993,12.7464,1047,6704351.18,181272786.92,3,985.1647300000001,BSA,LAKEYEATLEECCAK,348,362,BSA,ALKAWSVAR,209.0,217.0,[K350-K211],,4
369,Protein state 1 - 20(1),Data\BSAXlink2.mzML,3,3101,Accepted,71.59112909527579,8.097811828342379e-32,1.53535878401965e-30,6.90865039894611e-08,74.8773,4.84,4.42,8.98,Cross-linked,Intra,Bound,17.5389,17.4663,2007,550909.6,17827449.14,4,1325.6341,BSA,RHPYFYAPELLYYANKYNGVFQECCQAEDK,144,173,BSA,GACLLPKIETMR,174.0,185.0,[Y155-K180;Y156-K180;K159-K180;Y160-K180],,4
370,Protein state 1 - 20(1),Data\BSAXlink2.mzML,3,3099,Accepted,65.1040840469236,5.31686396832396e-29,5.9825690639872e-30,2.04638074750215e-09,66.6834,4.35,3.64,6.81,Cross-linked,Intra,Bound,17.869,17.8699,2081,115783.93,4993331.32,6,884.0918300000001,BSA,RHPYFYAPELLYYANKYNGVFQECCQAEDK,144,173,BSA,GACLLPKIETMR,174.0,185.0,[Y155-K180;Y156-K180;K159-K180;Y160-K180],,4
371,Protein state 1 - 20(1),Data\BSAXlink2.mzML,3,5986,Accepted,40.4362285011207,2.74643353267981e-18,2.9432583253731797e-17,9.51219711695636e-09,48.8284,4.28,3.48,6.26,Cross-linked,Intra,Bound,13.2868,13.2665,1149,665989.01,18279794.08,4,739.12537,BSA,LAKEYEATLEECCAK,348,362,BSA,ALKAWSVAR,209.0,217.0,[K350-K211],,4
372,Protein state 1 - 20(1),Data\BSAXlink2.mzML,3,5986,Accepted,41.3354212133249,1.11751834174763e-18,8.363119403799699e-17,1.2910424839856401e-09,49.3452,4.89,3.15,6.26,Cross-linked,Intra,Bound,12.6997,12.7012,1036,11317718.99,257399883.51,4,739.12537,BSA,LAKEYEATLEECCAK,348,362,BSA,ALKAWSVAR,209.0,217.0,[K350-K211;Y352-K211],,4
373,Protein state 1 - 20(1),Data\BSAXlink2.mzML,3,5982,Accepted,33.714424995722105,2.28040121548386e-15,3.65941169711004e-06,1.5373280217674298e-12,32.2077,3.49,2.91,3.66,Cross-linked,Intra,Bound,13.1229,13.1633,1131,41308.84,913959.67,3,1197.94761,BSA,LAKEYEATLEECCAK,348,362,BSA,KVPQVSTPTLVEVSR,413.0,427.0,[K350-K413;Y352-K413;T355-K413],,4
374,Protein state 1 - 20(1),Data\BSAXlink2.mzML,3,5981,Accepted,45.8667584460446,1.2031503565383999e-20,4.5051547162190806e-14,1.11557333214544e-11,45.1762,3.56,0.73,4.27,Cross-linked,Intra,Bound,11.6191,11.6808,849,4031626.72,102791971.56,4,855.40535,BSA,LAKEYEATLEECCAK,348,362,BSA,VTKCCTESLVNR,472.0,483.0,[K350-K474;Y352-K474],,4
375,Protein state 1 - 20(1),Data\BSAXlink2.mzML,3,5979,Accepted,22.658591556887497,1.44377234619618e-10,8.463391013247e-05,2.6540298297441e-09,23.7146,3.69,2.79,2.3,Cross-linked,Inter,Bound,12.7801,12.7464,1047,6839445.35,183375478.1,3,985.1647300000001,DECOY_BSA,KACCEELTAEYEKAL,348,362,BSA,ALKAWSVAR,209.0,217.0,[T355-K211;Y358-K211;K360-K211],,4
377,Protein state 1 - 20(1),Data\BSAXlink2.mzML,3,5977,Accepted,42.7845636571489,2.62361492649124e-19,1.2133984264881197e-15,5.72801876396145e-08,46.9252,3.92,3.47,5.32,Cross-linked,Intra,Bound,14.2036,14.2806,1372,287841.28,8550123.8,3,1249.91235,BSA,LAKEYEATLEECCAK,348,362,BSA,DDPHACYSTVFDKLK,363.0,377.0,[K350-Y369;K350-S370;K350-T371;K350-K375;Y352-Y369;Y352-S370;Y352-T371;Y352-K375],,4
379,Protein state 1 - 20(1),Data\BSAXlink2.mzML,4,5940,Accepted,25.0549390205079,1.31455341873575e-11,1.3772438800120597e-11,3.22596270588233e-07,24.7644,3.67,2.77,1.8,Cross-linked plus a dead end,Intra,Bound(+Hydrolysed),13.1578,13.202,1138,34655.56,966619.65,4,825.67252,BSA,LCVLHEKTPVSEKVTK,459,474,BSA,CCTESLVNR,475.0,483.0,[K465-T477;T466-T477;T466-S479;S469-T477;S469-S479;K471-T477;K471-S479;T473-T477],,4
380,Protein state 1 - 20(1),Data\BSAXlink2.mzML,3,5937,Accepted,26.3085888138771,3.752537590954549e-12,9.55117388689557e-17,4.0,26.3086,2.78,3.77,4.6,Cross-linked,Intra,Bound,9.6262,9.6736,551,6445.59,93520.12,5,516.86262,BSA,SEIAHRFKDLGEEHFK,5,20,BSA,DTHK,1.0,4.0,[K12-D1;K12-T2],,4
384,Protein state 1 - 20(1),Data\BSAXlink2.mzML,3,6544,Accepted,45.6515082705151,1.49211352699468e-20,2.1825016928883203e-15,2.41193528547847e-10,48.8851,3.56,3.26,4.27,Cross-linked,Intra,Bound,11.2648,11.2367,765,162563.71,3430892.56,3,933.7910199999999,BSA,VTKCCTESLVNR,472,483,BSA,CASIQKFGER,199.0,208.0,[K474-K204],,4
